species_group,exporter,declared_records,captive_records,captive_share,share_2015_2018,share_2020_2023,shift,top_captive_taxa
sea_fan,PW,152,117,0.77,0.0,0.974,0.974,Acropora tenuis; Favia spp.; Acropora spp.
primates,NA,34,14,0.412,0.0,0.667,0.667,Macaca fascicularis
turtles,UZ,2300,1111,0.483,0.183,0.778,0.595,Testudo horsfieldii; Testudo hermanni; Testudo spp.
amphibians,EC,480,254,0.529,0.26,0.829,0.57,Oophaga sylvatica; Epipedobates tricolor; Epipedobates anthonyi
turtles,JP,348,215,0.618,0.479,0.96,0.481,Mauremys japonica; Malaclemys terrapin; Terrapene carolina
sea_fan,MY,5589,451,0.081,0.005,0.425,0.42,Acropora spp.; Euphyllia glabrescens; Euphyllia paraancora
turtles,GB,430,415,0.965,0.533,0.922,0.389,Testudo marginata; Testudo graeca; Geochelone elegans
turtles,TG,1872,1065,0.569,0.361,0.72,0.359,Centrochelys sulcata; Kinixys erosa; Kinixys belliana
shark_ray,CN,130,32,0.246,0.135,0.485,0.35,Hippocampus trimaculatus; Potamotrygon spp.; Hippocampus spp.
turtles,BJ,135,29,0.215,0.107,0.429,0.321,Centrochelys sulcata; Kinixys erosa; Kinixys belliana
pythons_reptiles,PL,2148,1404,0.654,0.286,0.573,0.288,Python bivittatus; Malayopython reticulatus; Crocodylus porosus
pythons_reptiles,FI,267,18,0.067,0.054,0.333,0.279,Alligator mississippiensis; Crocodylus niloticus; Malayopython reticulatus
shark_ray,KR,131,82,0.626,0.357,0.631,0.274,Hippocampus abdominalis
birds,SB,329,27,0.082,0.005,0.263,0.258,Eclectus roratus; Cacatua ducorpsii; Lorius chlorocercus
pythons_reptiles,DK,1255,475,0.378,0.296,0.547,0.25,Python regius; Morelia spilota; Crocodylus niloticus
pythons_reptiles,PA,229,110,0.48,0.339,0.576,0.237,Caiman crocodilus fuscus; Malayopython reticulatus; Python bivittatus
pythons_reptiles,BW,104,39,0.375,0.233,0.464,0.232,Crocodylus niloticus
turtles,PE,1438,725,0.504,0.379,0.607,0.229,Podocnemis unifilis; Chelonoidis denticulatus; Chelus fimbriata
sea_fan,TW,1563,1152,0.737,0.543,0.757,0.214,Montipora spp.; Goniopora spp.; Favia spp.
sea_fan,CN,30,3,0.1,0.0,0.214,0.214,Acropora spp.
monitor_lizard,CO,306,16,0.052,0.011,0.197,0.186,Varanus niloticus; Varanus salvator
pythons_reptiles,AR,925,171,0.185,0.133,0.319,0.185,Caiman crocodilus fuscus; Caiman crocodilus; Caiman latirostris
monitor_lizard,DE,1631,789,0.484,0.385,0.568,0.183,Varanus acanthurus; Varanus gilleni; Varanus glauerti
shark_ray,NL,52,48,0.923,0.826,1.0,0.174,Hippocampus erectus; Hippocampus reidi; Hippocampus abdominalis
pythons_reptiles,PG,1501,464,0.309,0.265,0.434,0.169,Crocodylus porosus; Crocodylus novaeguineae; Alligator mississippiensis
birds,AR,156,146,0.936,0.833,1.0,0.167,Amazona aestiva; Primolius auricollis; Ara chloropterus
pythons_reptiles,SZ,108,9,0.083,0.067,0.233,0.167,Python bivittatus; Alligator mississippiensis; Crocodylus porosus
birds,LB,5582,5511,0.987,0.845,0.998,0.153,Psittacus erithacus; Aratinga solstitialis; Ara ararauna
monitor_lizard,TG,2934,505,0.172,0.1,0.243,0.143,Varanus exanthematicus; Varanus niloticus; Varanus ornatus
pythons_reptiles,XX,328,40,0.122,0.109,0.25,0.141,Python bivittatus; Crocodylus siamensis; Alligator mississippiensis
pythons_reptiles,BR,3205,726,0.227,0.215,0.349,0.134,Malayopython reticulatus; Python bivittatus; Crocodylus porosus
monitor_lizard,SB,366,30,0.082,0.008,0.142,0.134,Varanus indicus; Varanus spinulosus; Varanus macraei
bear,DE,75,16,0.213,0.128,0.261,0.133,Ursus arctos
turtles,MY,103,95,0.922,0.857,0.982,0.125,Centrochelys sulcata; Stigmochelys pardalis; Batagur borneoensis
monitor_lizard,TW,255,40,0.157,0.078,0.188,0.11,Varanus salvator; Varanus varius; Varanus albigularis
birds,TH,1286,1160,0.902,0.837,0.945,0.108,Aratinga solstitialis; Cacatua alba; Cacatua ophthalmica
pythons_reptiles,SN,1484,402,0.271,0.238,0.338,0.101,Crocodylus niloticus; Python sebae
primates,KR,42,41,0.976,0.9,1.0,0.1,Macaca fascicularis; Chlorocebus aethiops; Macaca mulatta
turtles,SR,1000,179,0.179,0.127,0.224,0.097,Chelonoidis carbonarius; Chelonoidis denticulatus
owl,CH,68,60,0.882,0.85,0.941,0.091,Strix uralensis; Bubo bubo; Bubo capensis
birds,SG,2547,2371,0.931,0.914,0.995,0.081,Cacatua galerita; Psittacus erithacus; Pyrrhura molinae
turtles,ZA,394,351,0.891,0.837,0.918,0.081,Stigmochelys pardalis; Chersina angulata; Homopus areolatus
shark_ray,TH,7348,7163,0.975,0.913,0.993,0.08,Potamotrygon leopoldi; Potamotrygon motoro; Potamotrygon spp.
birds,KW,2602,2448,0.941,0.881,0.958,0.078,Pyrrhura molinae; Trichoglossus haematodus; Aratinga solstitialis
sea_fan,IT,1051,31,0.029,0.016,0.094,0.078,Pleurocorallium secundum; Pleurocorallium elatius; Pleurocorallium konojoi
monitor_lizard,NO,51,3,0.059,0.0,0.073,0.073,Varanus acanthurus
turtles,VN,94,92,0.979,0.931,1.0,0.069,Indotestudo elongata; Heosemys grandis; Heosemys annandalii
pythons_reptiles,TH,99270,46299,0.466,0.454,0.521,0.068,Crocodylus siamensis; Caiman crocodilus fuscus; Crocodylus porosus
turtles,TW,338,319,0.944,0.89,0.957,0.067,Mauremys sinensis; Aldabrachelys gigantea; Stigmochelys pardalis
turtles,NL,178,170,0.955,0.936,1.0,0.064,Testudo hermanni; Chelonoidis carbonarius; Terrapene carolina
turtles,ES,173,166,0.96,0.92,0.984,0.064,Terrapene carolina; Testudo graeca; Astrochelys radiata
elephant,GB,56,1,0.018,0.0,0.062,0.062,Loxodonta africana
owl,FR,69,66,0.957,0.941,1.0,0.059,Tyto alba; Nyctea scandiaca; Bubo bubo
turtles,DK,52,51,0.981,0.944,1.0,0.056,Testudo hermanni; Chelonoidis carbonarius; Testudo marginata
shark_ray,AU,1193,531,0.445,0.385,0.438,0.053,Hippocampus abdominalis; Hippocampus kuda; Hippocampus barbouri
monitor_lizard,DK,113,63,0.558,0.569,0.619,0.05,Varanus acanthurus; Varanus cumingi; Varanus gilleni
pythons_reptiles,SA,419,57,0.136,0.0,0.048,0.048,Python bivittatus; Alligator mississippiensis
monitor_lizard,GB,3966,107,0.027,0.009,0.055,0.045,Varanus acanthurus; Varanus salvator; Varanus albigularis
turtles,ID,12772,402,0.031,0.02,0.064,0.044,Manouria emys; Indotestudo forstenii; Carettochelys insculpta
monitor_lizard,KR,4793,155,0.032,0.018,0.06,0.042,Varanus salvator; Varanus jobiensis; Varanus timorensis
birds,BH,591,572,0.968,0.931,0.973,0.041,Agapornis fischeri; Trichoglossus haematodus; Psittacus erithacus
pythons_reptiles,ID,23674,5727,0.242,0.225,0.265,0.04,Morelia viridis; Crocodylus porosus; Leiopython albertisii
turtles,CN,1442,1391,0.965,0.958,0.997,0.039,Mauremys reevesii; Mauremys sinensis; Graptemys pseudogeographica
monitor_lizard,TH,716,11,0.015,0.014,0.05,0.036,Varanus niloticus
pythons_reptiles,KE,161,3,0.019,0.011,0.045,0.034,Crocodylus niloticus
owl,DK,128,126,0.984,0.967,1.0,0.033,Bubo bubo; Nyctea scandiaca; Strix nebulosa
monitor_lizard,ID,20696,6860,0.331,0.318,0.349,0.031,Varanus prasinus; Varanus melinus; Varanus macraei
birds,RS,96,95,0.99,0.969,1.0,0.031,Agapornis fischeri; Agapornis personatus; Psittacus erithacus
pythons_reptiles,CO,11604,11337,0.977,0.967,0.997,0.03,Caiman crocodilus fuscus; Crocodylus acutus; Malayopython reticulatus
birds,FR,333,327,0.982,0.971,1.0,0.029,Ara ararauna; Ara chloropterus; Eolophus roseicapilla
monitor_lizard,RU,148,2,0.014,0.0,0.027,0.027,Varanus jobiensis; Varanus salvator
pythons_reptiles,BE,8955,538,0.06,0.057,0.083,0.026,Crocodylus porosus; Python bivittatus; Crocodylus niloticus
birds,SR,2225,39,0.018,0.009,0.033,0.024,Aratinga solstitialis; Diopsittaca nobilis; Amazona amazonica
monitor_lizard,ES,4530,83,0.018,0.009,0.031,0.023,Varanus niloticus; Varanus salvator; Varanus salvadorii
turtles,DE,5038,4976,0.988,0.971,0.993,0.022,Testudo hermanni; Terrapene carolina; Testudo graeca
primates,MU,1011,912,0.902,0.894,0.916,0.022,Macaca fascicularis
monitor_lizard,MG,1776,9,0.005,0.0,0.022,0.022,Varanus niloticus; Varanus salvator
musk_deer,CN,308,5,0.016,0.0,0.021,0.021,Moschus berezovskii; Moschus chrysogaster
birds,CH,536,521,0.972,0.967,0.986,0.018,Ara ararauna; Cacatua leadbeateri; Ara chloropterus
shark_ray,MX,2514,81,0.032,0.025,0.043,0.017,Hippocampus ingens; Hippocampus reidi
primates,CH,291,290,0.997,0.984,1.0,0.016,Macaca fascicularis; Lemur catta; Callithrix jacchus
amphibians,PA,147,141,0.959,0.95,0.967,0.016,Oophaga pumilio; Dendrobates auratus; Oophaga vicentei
pythons_reptiles,MW,226,5,0.022,0.018,0.03,0.012,Crocodylus niloticus
primates,KH,865,862,0.997,0.987,0.998,0.011,Macaca fascicularis; Macaca arctoides
monitor_lizard,NL,4979,108,0.022,0.016,0.027,0.011,Varanus acanthurus; Varanus primordius; Varanus salvator
birds,GY,3414,11,0.003,0.0,0.011,0.011,Ara hybrid; Cacatua galerita; Eclectus roratus
amphibians,NI,3124,3105,0.994,0.988,0.998,0.01,Agalychnis callidryas; Oophaga pumilio; Dendrobates auratus
sea_fan,GB,147,34,0.231,0.272,0.281,0.01,Euphyllia glabrescens; Euphyllia ancora; Acropora spp.
monitor_lizard,CN,1137,8,0.007,0.004,0.014,0.01,Varanus niloticus; Varanus exanthematicus; Varanus indicus
sea_fan,ID,898477,442946,0.493,0.487,0.496,0.009,Acropora spp.; Euphyllia glabrescens; Montipora spp.
sea_fan,FM,1166,1158,0.993,0.989,0.998,0.009,Goniopora spp.; Physogyra lichtensteini; Montipora spp.
turtles,MX,208,203,0.976,0.971,0.981,0.009,Gopherus berlandieri; Terrapene carolina; Dermatemys mawii
turtles,IT,1293,1286,0.995,0.989,0.997,0.008,Testudo hermanni; Terrapene carolina; Testudo marginata
birds,QA,447,440,0.984,0.992,1.0,0.008,Psittacus erithacus; Ara ararauna; Amazona aestiva
birds,SY,146,145,0.993,0.992,1.0,0.008,Psittacus erithacus; Ara ararauna; Calyptorhynchus banksii
sea_fan,HK,2220,10,0.005,0.0,0.008,0.008,Acropora spp.
amphibians,CA,3735,3715,0.995,0.991,0.998,0.007,Dendrobates tinctorius; Dendrobates auratus; Ranitomeya fantastica
eels,EG,430,1,0.002,0.0,0.007,0.007,Anguilla anguilla
birds,ES,3826,3812,0.996,0.994,1.0,0.006,Ara ararauna; Amazona aestiva; Ara hybrid
primates,ES,339,338,0.997,0.994,1.0,0.006,Macaca fascicularis; Lemur catta; Mandrillus sphinx
sea_fan,TO,30240,126,0.004,0.003,0.009,0.006,Euphyllia paraancora; Acanthastrea spp.; Acropora spp.
monitor_lizard,QA,534,9,0.017,0.017,0.023,0.006,Varanus salvator; Varanus niloticus; Varanus spp.
bear,US,292,5,0.017,0.011,0.017,0.006,Ursus arctos; Ursus americanus
primates,DE,7520,7504,0.998,0.995,1.0,0.005,Macaca fascicularis; Macaca mulatta; Callithrix jacchus
primates,CA,6532,6516,0.998,0.992,0.998,0.005,Macaca fascicularis; Macaca mulatta; Cebus capucinus
birds,PT,5230,5215,0.997,0.995,1.0,0.005,Psephotus haematonotus; Psittacus erithacus; Platycercus eximius
monitor_lizard,BE,2354,7,0.003,0.0,0.005,0.005,Varanus acanthurus; Varanus albigularis; Varanus glauerti
primates,GY,511,3,0.006,0.0,0.005,0.005,Saguinus midas; Chiropotes chiropotes
primates,TG,153,3,0.02,0.016,0.021,0.005,Galago senegalensis; Perodicticus potto; Erythrocebus patas
amphibians,SR,373,1,0.003,0.0,0.005,0.005,Dendrobates tinctorius
birds,BE,12154,12131,0.998,0.996,1.0,0.004,Amazona oratrix; Eolophus roseicapilla; Pionites leucogaster
amphibians,NL,1421,1418,0.998,0.996,1.0,0.004,Dendrobates tinctorius; Dendrobates auratus; Dendrobates leucomelas
turtles,CZ,400,399,0.998,0.996,1.0,0.004,Testudo hermanni; Testudo marginata; Geochelone elegans
monitor_lizard,CH,50659,296,0.006,0.004,0.008,0.004,Varanus niloticus; Varanus salvator; Varanus reisingeri
turtles,ML,308,241,0.782,0.987,0.991,0.004,Centrochelys sulcata; Kinixys belliana; Testudo graeca
sea_fan,MH,3846,3813,0.991,0.987,0.99,0.003,Acropora microclados; Euphyllia ancora; Euphyllia glabrescens
sea_fan,VN,12132,33,0.003,0.001,0.004,0.003,Scleractinia spp.; Acropora spathulata; Blastomussa wellsi
eels,MA,2005,5,0.002,0.001,0.005,0.003,Anguilla anguilla
turtles,HK,4390,4200,0.957,0.96,0.961,0.002,Stigmochelys pardalis; Chelonoidis carbonarius; Aldabrachelys gigantea
birds,CU,2416,2414,0.999,0.998,1.0,0.002,Lonchura oryzivora; Agapornis fischeri; Psephotus haematonotus
monitor_lizard,AE,1267,7,0.006,0.005,0.007,0.002,Varanus salvator; Varanus niloticus
pythons_reptiles,GY,1839,2,0.001,0.0,0.002,0.002,Paleosuchus trigonatus
primates,CN,5597,5595,1.0,0.999,1.0,0.001,Macaca fascicularis; Macaca mulatta; Callithrix jacchus
monitor_lizard,AT,6254,8,0.001,0.001,0.002,0.001,Varanus salvator; Varanus niloticus
birds,ZA,61204,61190,1.0,1.0,1.0,0.0,Psittacus erithacus; Ara ararauna; Amazona aestiva
birds,CZ,10574,10570,1.0,1.0,0.999,-0.0,Platycercus eximius; Psephotus haematonotus; Platycercus elegans
owl,BE,7163,7163,1.0,1.0,1.0,0.0,Tyto alba; Nyctea scandiaca; Bubo bubo
birds,PH,5075,5074,1.0,1.0,1.0,0.0,Agapornis fischeri; Psittacus erithacus; Pionites leucogaster
birds,TW,2840,2840,1.0,1.0,1.0,0.0,Myiopsitta monachus; Pyrrhura molinae; Aratinga solstitialis
turtles,SI,1524,1524,1.0,1.0,1.0,0.0,Testudo hermanni; Testudo marginata; Centrochelys sulcata
birds,CY,1433,1433,1.0,1.0,1.0,0.0,Amazona oratrix; Ara hybrid; Amazona auropalliata
amphibians,DE,1183,1183,1.0,1.0,1.0,0.0,Dendrobates tinctorius; Dendrobates auratus; Dendrobates leucomelas
turtles,BR,1155,1155,1.0,1.0,1.0,0.0,Chelonoidis carbonarius; Stigmochelys pardalis
turtles,ZM,1133,1133,1.0,1.0,1.0,0.0,Stigmochelys pardalis; Malacochersus tornieri; Kinixys spekii
primates,CZ,1079,1079,1.0,1.0,1.0,0.0,Lemur catta; Callithrix pygmaea; Leontopithecus chrysomelas
turtles,SV,1023,1023,1.0,1.0,1.0,0.0,Chelonoidis carbonarius; Stigmochelys pardalis; Centrochelys sulcata
birds,DK,944,944,1.0,1.0,1.0,0.0,Amazona aestiva; Ara ararauna; Ara chloropterus
shark_ray,MY,919,919,1.0,1.0,1.0,0.0,Potamotrygon spp.; Potamotrygon motoro; Potamotrygon leopoldi
birds,AT,796,796,1.0,1.0,1.0,0.0,Pionites leucogaster; Amazona auropalliata; Amazona oratrix
birds,LK,793,793,1.0,1.0,1.0,0.0,Eclectus roratus; Aratinga solstitialis; Agapornis personatus
amphibians,CZ,792,792,1.0,1.0,1.0,0.0,Dendrobates tinctorius; Dendrobates leucomelas; Dendrobates auratus
turtles,MK,787,787,1.0,1.0,1.0,0.0,Testudo hermanni; Testudo graeca; Testudo marginata
birds,UZ,691,690,0.999,1.0,1.0,0.0,Platycercus eximius; Agapornis fischeri; Cyanoramphus malherbi
owl,NL,598,598,1.0,1.0,1.0,0.0,Bubo bubo; Nyctea scandiaca; Tyto alba
amphibians,HU,541,541,1.0,,1.0,,Dendrobates tinctorius; Dendrobates auratus; Adelphobates galactonotus
turtles,SY,516,516,1.0,1.0,1.0,0.0,Testudo graeca; Centrochelys sulcata; Geochelone elegans
turtles,MU,460,460,1.0,1.0,1.0,0.0,Aldabrachelys gigantea; Astrochelys radiata
owl,ES,457,457,1.0,1.0,1.0,0.0,Bubo bubo; Nyctea scandiaca; Tyto alba
birds,NZ,357,357,1.0,1.0,1.0,0.0,Eolophus roseicapilla; Cacatua galerita; Calyptorhynchus banksii
shark_ray,VN,434,353,0.813,0.992,,,Hippocampus comes; Hippocampus histrix; Hippocampus kuda
turtles,EG,342,340,0.994,1.0,1.0,0.0,Centrochelys sulcata; Testudo graeca; Testudo kleinmanni
turtles,TH,300,300,1.0,1.0,1.0,0.0,Amyda cartilaginea; Centrochelys sulcata; Aldabrachelys gigantea
birds,MZ,252,251,0.996,0.996,,,Psittacus erithacus; Ara ararauna; Ara chloropterus
birds,BR,248,248,1.0,1.0,1.0,0.0,Guarouba guarouba; Amazona aestiva; Anodorhynchus hyacinthinus
sea_fan,NA,476,241,0.506,,0.707,,Acropora millepora; Acropora tenuis; Goniopora spp.
birds,XX,223,223,1.0,1.0,1.0,0.0,Psittacus erithacus; Platycercus eximius; Psephotus haematonotus
turtles,JO,221,221,1.0,1.0,1.0,0.0,Testudo graeca; Geochelone elegans
birds,PK,214,214,1.0,1.0,1.0,0.0,Agapornis fischeri; Lonchura oryzivora; Psittacula eupatria
sea_fan,AU,302388,195,0.001,0.001,0.001,-0.0,Euphyllia glabrescens; Euphyllia ancora; Duncanopsammia axifuga
turtles,KW,194,194,1.0,1.0,1.0,0.0,Testudo graeca; Centrochelys sulcata
monitor_lizard,CZ,189,189,1.0,,1.0,,Varanus acanthurus; Varanus glauerti; Varanus pilbarensis
birds,CW,188,188,1.0,,1.0,,Aratinga pertinax; Aratinga solstitialis; Amazona ochrocephala
pythons_reptiles,KH,183,183,1.0,1.0,,,Crocodylus siamensis; Python regius; Caiman crocodilus fuscus
sea_fan,SE,175,175,1.0,1.0,,,Acropora spp.; Euphyllia ancora; Catalaphyllia jardinei
sea_fan,FJ,58027,166,0.003,0.003,,,Scleractinia spp.; Fungia spp.; Favia spp.
birds,AZ,162,161,0.994,0.994,,,Psittacus erithacus; Ara ararauna; Cacatua alba
birds,HU,154,154,1.0,1.0,1.0,0.0,Amazona oratrix; Ara hybrid; Amazona auropalliata
birds,CA,145,145,1.0,1.0,1.0,0.0,Forpus coelestis; Aratinga solstitialis; Myiopsitta monachus
turtles,NI,138,137,0.993,,0.984,,Rhinoclemmys pulcherrima; Kinosternon scorpioides; Kinosternon leucostomum
turtles,AT,135,135,1.0,1.0,1.0,0.0,Cuora aurocapitata; Cuora mccordi; Graptemys oculifera
turtles,TZ,130,130,1.0,1.0,,,Stigmochelys pardalis; Aldabrachelys gigantea; Malacochersus tornieri
primates,SY,129,129,1.0,1.0,,,Chlorocebus sabaeus; Erythrocebus patas; Colobus guereza
sea_fan,LK,188,125,0.665,1.0,,,Euphyllia paraancora; Blastomussa wellsi; Duncanopsammia axifuga
turtles,SD,121,120,0.992,0.991,,,Centrochelys sulcata; Testudo graeca
primates,TH,127,119,0.937,1.0,,,Macaca fascicularis; Macaca mulatta
birds,EG,115,114,0.991,1.0,1.0,0.0,Agapornis fischeri; Lonchura oryzivora; Amazona aestiva
birds,SI,113,113,1.0,,1.0,,Amazona aestiva; Pionites leucogaster; Ara ararauna
turtles,BB,112,112,1.0,1.0,1.0,0.0,Chelonoidis carbonarius
owl,DE,107,107,1.0,1.0,1.0,0.0,Bubo bubo; Nyctea scandiaca; Strix uralensis
monitor_lizard,MX,5935,103,0.017,0.018,0.018,0.0,Varanus salvator
turtles,UA,100,100,1.0,1.0,1.0,0.0,Testudo horsfieldii; Testudo hermanni; Testudo graeca
birds,PA,105,100,0.952,,,,Aratinga pertinax; Amazona ochrocephala; Amazona autumnalis
owl,AT,97,97,1.0,1.0,1.0,0.0,Nyctea scandiaca; Otus bakkamoena; Bubo virginianus
turtles,LB,100,94,0.94,,0.963,,Testudo graeca; Geochelone elegans; Centrochelys sulcata
birds,NO,83,83,1.0,1.0,1.0,0.0,Guarouba guarouba; Anodorhynchus hyacinthinus; Amazona aestiva
primates,NL,101,82,0.812,,0.897,,Macaca fascicularis; Callithrix geoffroyi; Trachypithecus auratus
pythons_reptiles,MT,134,80,0.597,0.615,,,Alligator mississippiensis
primates,BE,79,77,0.975,0.958,,,Callithrix pygmaea; Saguinus mystax; Saguinus imperator
birds,NA,76,76,1.0,1.0,1.0,0.0,Trichoglossus haematodus; Ara chloropterus; Lorius garrulus
pythons_reptiles,ZM,1118,60,0.054,0.003,0.003,-0.0,Crocodylus niloticus
amphibians,UA,59,59,1.0,1.0,,,Dendrobates tinctorius; Dendrobates auratus; Dendrobates leucomelas
birds,BB,57,57,1.0,1.0,,,Psittacus erithacus; Psittacula alexandri; Poicephalus senegalus
turtles,BE,59,57,0.966,,,,Geochelone elegans; Terrapene carolina; Testudo hermanni
owl,PT,50,50,1.0,1.0,1.0,0.0,Nyctea scandiaca; Bubo bubo; Tyto alba
birds,VE,50,50,1.0,1.0,1.0,0.0,Ara macao; Ara militaris; Pyrrhura hoematotis
turtles,SE,54,49,0.907,0.875,,,Testudo hermanni; Testudo graeca; Chelonoidis carbonarius
turtles,KR,59,49,0.831,,0.931,,Malaclemys terrapin; Terrapene carolina; Testudo hermanni
pythons_reptiles,LA,47,47,1.0,1.0,,,Malayopython reticulatus
pythons_reptiles,LU,232,46,0.198,0.209,,,Malayopython reticulatus; Crocodylus niloticus; Crocodylus porosus
turtles,FR,49,44,0.898,0.893,,,Mauremys sinensis; Centrochelys sulcata; Clemmys guttata
birds,BG,46,44,0.957,0.955,,,Amazona aestiva; Platycercus eximius; Amazona oratrix
hornbill,PH,41,41,1.0,1.0,,,Buceros hydrocorax; Buceros hydrocorax hydrocorax; Aceros leucocephalus
hornbill,ID,38,38,1.0,1.0,,,Rhyticeros undulatus; Anthracoceros albirostris
pythons_reptiles,BY,38,37,0.974,0.966,,,Python bivittatus; Python regius; Python brongersmai
sea_fan,JM,38,37,0.974,0.974,,,Euphyllia ancora; Acropora azurea; Acropora batunai
turtles,HU,37,37,1.0,1.0,1.0,0.0,Testudo hermanni; Testudo marginata; Terrapene carolina
turtles,TR,40,35,0.875,0.853,,,Testudo graeca; Testudo hermanni; Testudo marginata
birds,SE,34,33,0.971,0.938,,,Agapornis fischeri; Agapornis personatus; Neopsephotus bourkii
primates,BB,42,32,0.762,0.815,,,Chlorocebus sabaeus
primates,RU,32,32,1.0,,1.0,,Colobus guereza; Macaca fascicularis; Macaca mulatta
primates,PE,44,30,0.682,,1.0,,Aotus nancymaae; Aotus vociferans; Saguinus fuscicollis
turtles,AE,30,28,0.933,,1.0,,Testudo graeca; Centrochelys sulcata; Aldabrachelys gigantea
birds,TR,36,28,0.778,0.692,,,Psittacus erithacus; Trichoglossus haematodus; Bolborhynchus lineola
shark_ray,PT,303,27,0.089,,1.0,,Hippocampus hippocampus; Hippocampus guttulatus; Hippocampus reidi
birds,UY,30,24,0.8,0.857,,,Myiopsitta monachus
birds,UA,32,22,0.688,0.722,,,Psittinus cyanurus; Calyptorhynchus banksii; Psittacula longicauda
pythons_reptiles,EE,93,21,0.226,0.222,,,Crocodylus niloticus; Caiman crocodilus fuscus; Malayopython reticulatus
pythons_reptiles,HU,41,20,0.488,,0.333,,Python regius; Morelia viridis; Crocodylus niloticus
pythons_reptiles,SK,34,15,0.441,,0.467,,Python bivittatus; Osteolaemus tetraspis
tokay_gecko,ID,1648,15,0.009,,0.008,,Gekko gecko
sea_fan,KR,65,13,0.2,,0.394,,Antipathes longibrachiata; Acropora spp.; Montipora spp.
pythons_reptiles,DO,35,11,0.314,0.31,,,Malayopython reticulatus; Python bivittatus
pythons_reptiles,MZ,253,10,0.04,0.031,,,Crocodylus niloticus
tokay_gecko,TH,484,10,0.021,,0.022,,Gekko gecko
pythons_reptiles,LV,36,6,0.167,0.154,,,Malayopython reticulatus; Python bivittatus
shark_ray,BR,131,6,0.046,0.0,,,Hippocampus reidi
turtles,MZ,51,5,0.098,0.098,,,Stigmochelys pardalis; Kinixys spekii
sea_fan,ES,51,5,0.098,,,,Seriatopora spp.; Hydnophora spp.; Stylophora spp.
shark_ray,SV,329,5,0.015,0.0,0.0,0.0,Carcharhinus falciformis; Sphyrna lewini; Alopias spp.
sea_fan,AE,137,4,0.029,0.036,,,Acanthastrea spp.; Euphyllia ancora; Lobophyllia spp.
shark_ray,JP,192,4,0.021,,0.043,,Potamotrygon spp.; Hippocampus kuda; Hippocampus spp.
shark_ray,NA,1306,3,0.002,,0.004,,Potamotrygon motoro
monitor_lizard,MZ,64,2,0.031,0.033,,,Varanus albigularis
monitor_lizard,KW,323,2,0.006,0.008,0.009,0.0,Varanus salvator
shark_ray,BE,30,2,0.067,,,,Potamotrygon motoro
bear,NO,94,1,0.011,0.0,0.0,0.0,Ursus arctos
monitor_lizard,TZ,100,1,0.01,0.01,,,Varanus niloticus
monitor_lizard,LU,187,1,0.005,0.005,,,Varanus salvator
pythons_reptiles,CM,45,1,0.022,,0.0,,Python sebae
shark_ray,NI,289,1,0.003,0.0,0.0,0.0,Isostichopus fuscus
turtles,CD,87,1,0.011,0.0,0.0,0.0,Cycloderma aubryi
sea_fan,XX,50,1,0.02,,0.0,,Vaughanella spp.
bear,KR,163,1,0.006,,0.01,,Ursus arctos
amphibians,GY,90,0,0.0,0.0,0.0,0.0,
elephant,ZW,1257,0,0.0,0.0,0.0,0.0,
elephant,MX,1100,0,0.0,0.0,0.0,0.0,
elephant,IT,564,0,0.0,0.0,0.0,0.0,
elephant,MC,101,0,0.0,0.0,0.0,0.0,
amphibians,MG,2412,0,0.0,0.0,0.0,0.0,
sea_fan,CU,60,0,0.0,0.0,0.0,0.0,
monitor_lizard,PT,681,0,0.0,0.0,0.0,0.0,
monitor_lizard,SI,36,0,0.0,0.0,0.0,0.0,
sea_fan,HT,110,0,0.0,0.0,,,
turtles,MG,33,0,0.0,0.0,,,
shark_ray,ZA,177,0,0.0,,0.0,,
elephant,FR,136,0,0.0,0.0,0.0,0.0,
musk_deer,HK,484,0,0.0,0.0,0.0,0.0,
monitor_lizard,MC,63,0,0.0,0.0,0.0,0.0,
monitor_lizard,ML,150,0,0.0,0.0,0.0,0.0,
monitor_lizard,MU,891,0,0.0,0.0,0.0,0.0,
monitor_lizard,IE,40,0,0.0,0.0,,,
elephant,AT,31,0,0.0,0.0,0.0,0.0,
musk_deer,KR,560,0,0.0,0.0,0.0,0.0,
sea_fan,AT,33,0,0.0,0.0,,,
primates,SR,35,0,0.0,,0.0,,
bear,JP,89,0,0.0,0.0,0.0,0.0,
monitor_lizard,MO,108,0,0.0,0.0,0.0,0.0,
eels,TR,168,0,0.0,0.0,0.0,0.0,
shark_ray,SN,1951,0,0.0,0.0,0.0,0.0,
elephant,KR,39,0,0.0,0.0,0.0,0.0,
musk_deer,RU,867,0,0.0,0.0,0.0,0.0,
lion,BW,39,0,0.0,0.0,,,
shark_ray,CR,532,0,0.0,0.0,0.0,0.0,
monitor_lizard,CD,98,0,0.0,,0.0,,
monitor_lizard,NZ,94,0,0.0,0.0,0.0,0.0,
shark_ray,IN,47,0,0.0,0.0,,,
shark_ray,EC,993,0,0.0,0.0,0.0,0.0,
hornbill,SB,42,0,0.0,0.0,0.0,0.0,
bear,HK,77,0,0.0,0.0,0.0,0.0,
primates,BJ,74,0,0.0,0.0,0.0,0.0,
primates,CD,398,0,0.0,0.0,0.0,0.0,
shark_ray,KE,309,0,0.0,0.0,0.0,0.0,
birds,MG,33,0,0.0,0.0,0.0,0.0,
shark_ray,SC,206,0,0.0,,0.0,,
shark_ray,OM,532,0,0.0,,0.0,,
elephant,GG,41,0,0.0,0.0,,,
shark_ray,YE,1642,0,0.0,0.0,0.0,0.0,
sea_fan,KH,82,0,0.0,,,,
shark_ray,GT,64,0,0.0,,0.0,,
shark_ray,HS,2326,0,0.0,0.0,0.0,0.0,
shark_ray,VU,175,0,0.0,,0.0,,
shark_ray,ES,1458,0,0.0,,0.0,,
shark_ray,MA,127,0,0.0,,0.0,,
shark_ray,PG,376,0,0.0,,0.0,,
shark_ray,TO,81,0,0.0,,0.0,,
shark_ray,BZ,84,0,0.0,,,,
sea_fan,KE,115,0,0.0,,,,
shark_ray,CG,202,0,0.0,,0.0,,
pythons_reptiles,CF,30,0,0.0,,0.0,,
shark_ray,NZ,409,0,0.0,,0.0,,
sea_fan,PG,43,0,0.0,,0.0,,
monitor_lizard,TL,34,0,0.0,,0.0,,
sea_fan,GY,48,0,0.0,,,,
pythons_reptiles,DE,70086,8530,0.122,0.124,0.123,-0.001,Python bivittatus; Python regius; Alligator mississippiensis
primates,JP,7116,7103,0.998,0.998,0.997,-0.001,Macaca fascicularis; Macaca mulatta; Callithrix jacchus
birds,ID,2104,2103,1.0,1.0,0.999,-0.001,Cacatua galerita; Eclectus roratus; Lorius garrulus
monitor_lizard,IT,62313,124,0.002,0.003,0.002,-0.001,Varanus salvator; Varanus niloticus
monitor_lizard,FR,224144,82,0.0,0.001,0.0,-0.001,Varanus salvator; Varanus niloticus; Varanus mertensi
bear,CA,5721,6,0.001,0.001,0.0,-0.001,Ursus arctos
monitor_lizard,HK,2927,5,0.002,0.002,0.001,-0.001,Varanus niloticus; Varanus salvator
eels,CN,3199,1,0.0,0.001,0.0,-0.001,Anguilla anguilla
birds,NL,10343,10326,0.998,0.999,0.997,-0.002,Amazona oratrix; Ara macao; Platycercus eximius
turtles,GY,1001,7,0.007,0.002,0.0,-0.002,Testudo hermanni; Chelonoidis carbonarius
eels,TN,758,1,0.001,0.002,0.0,-0.002,Anguilla anguilla
birds,AU,1876,1869,0.996,0.998,0.995,-0.003,Calyptorhynchus banksii; Calyptorhynchus funereus; Aratinga solstitialis
monitor_lizard,SG,11945,47,0.004,0.007,0.004,-0.003,Varanus salvator; Varanus niloticus
elephant,ZA,368,5,0.014,0.018,0.015,-0.003,Loxodonta africana
turtles,KE,1882,1877,0.997,0.998,0.995,-0.004,Stigmochelys pardalis; Kinixys belliana; Kinixys spekii
shark_ray,PE,1726,9,0.005,0.008,0.003,-0.004,Potamotrygon motoro; Potamotrygon spp.; Potamotrygon henlei
pythons_reptiles,US,60202,8398,0.139,0.141,0.136,-0.005,Python regius; Malayopython reticulatus; Python bivittatus
amphibians,US,414,402,0.971,0.979,0.974,-0.005,Agalychnis callidryas; Oophaga pumilio; Dendrobates auratus
turtles,VE,367,365,0.995,0.995,0.99,-0.005,Chelonoidis carbonarius; Podocnemis vogli
pythons_reptiles,NI,236,1,0.004,0.005,0.0,-0.005,Caiman crocodilus fuscus
birds,DE,822,811,0.987,0.987,0.981,-0.006,Psittacus erithacus; Platycercus eximius; Aratinga solstitialis
amphibians,CO,427,426,0.998,1.0,0.994,-0.006,Oophaga histrionica; Oophaga lehmanni; Phyllobates terribilis
monitor_lizard,MY,1369,20,0.015,0.016,0.01,-0.006,Varanus salvator; Varanus niloticus; Varanus beccarii
pythons_reptiles,BJ,443,9,0.02,0.025,0.019,-0.006,Python regius; Malayopython reticulatus; Python bivittatus
birds,CD,207,1,0.005,0.006,0.0,-0.006,Psittacus erithacus
monitor_lizard,VN,553,2,0.004,0.007,0.0,-0.007,Varanus salvator
sea_fan,SB,3035,9,0.003,0.008,0.0,-0.008,Acropora millepora; Acropora humilis
sea_fan,JP,1063,7,0.007,0.01,0.002,-0.008,Euphyllia glabrescens; Alatotrochus rubescens; Acropora carduus
monitor_lizard,JP,1434,6,0.004,0.008,0.0,-0.008,Varanus niloticus
monitor_lizard,SN,177,1,0.006,0.008,0.0,-0.008,Varanus niloticus
pythons_reptiles,VE,359,3,0.008,0.009,0.0,-0.009,Caiman crocodilus crocodilus; Malayopython reticulatus; Python bivittatus
pythons_reptiles,VN,38316,22689,0.592,0.597,0.587,-0.01,Crocodylus niloticus; Crocodylus siamensis; Python bivittatus
primates,KN,1047,15,0.014,0.024,0.014,-0.01,Chlorocebus sabaeus
monitor_lizard,BJ,569,7,0.012,0.017,0.007,-0.01,Varanus exanthematicus; Varanus niloticus
monitor_lizard,TD,130,1,0.008,0.01,0.0,-0.01,Varanus niloticus
monitor_lizard,BR,173,1,0.006,0.01,0.0,-0.01,Varanus salvator
pythons_reptiles,IN,257,9,0.035,0.032,0.019,-0.012,Caiman crocodilus yacare; Alligator mississippiensis; Crocodylus niloticus
primates,VN,1057,1040,0.984,0.987,0.974,-0.013,Macaca fascicularis; Macaca nemestrina; Macaca leonina
turtles,SC,408,406,0.995,1.0,0.987,-0.013,Aldabrachelys gigantea
pythons_reptiles,ZA,12562,9070,0.722,0.732,0.718,-0.014,Crocodylus niloticus; Python bivittatus; Malayopython reticulatus
birds,US,673,668,0.993,0.993,0.979,-0.015,Ara ararauna; Pyrrhura molinae; Ara hybrid
birds,MT,144,143,0.993,1.0,0.985,-0.015,Platycercus eximius; Platycercus elegans; Psephotus haematonotus
monitor_lizard,AU,404,2,0.005,0.015,0.0,-0.015,Varanus salvator
pythons_reptiles,QA,4038,1266,0.314,0.317,0.3,-0.017,Python bivittatus; Malayopython reticulatus; Crocodylus niloticus
birds,SK,129,124,0.961,0.962,0.944,-0.017,Amazona auropalliata; Amazona oratrix; Ara hybrid
monitor_lizard,ZA,345,55,0.159,0.156,0.139,-0.017,Varanus albigularis; Varanus salvator
turtles,CH,231,211,0.913,0.944,0.926,-0.018,Testudo hermanni; Manouria impressa; Terrapene carolina
pythons_reptiles,BO,2289,135,0.059,0.071,0.051,-0.02,Caiman crocodilus yacare
birds,IT,255,254,0.996,1.0,0.979,-0.021,Psephotus haematonotus; Platycercus eximius; Agapornis fischeri
pythons_reptiles,PT,15705,211,0.013,0.026,0.004,-0.022,Malayopython reticulatus; Crocodylus niloticus; Alligator mississippiensis
monitor_lizard,US,2124,88,0.041,0.052,0.03,-0.022,Varanus salvator; Varanus timorensis; Varanus melinus
shark_ray,CO,710,17,0.024,0.035,0.013,-0.022,Potamotrygon motoro; Potamotrygon schroederi; Potamotrygon magdalenae
pythons_reptiles,RS,101,4,0.04,0.058,0.036,-0.022,Python bivittatus; Crocodylus niloticus; Alligator mississippiensis
owl,GB,2517,2498,0.992,0.996,0.972,-0.023,Strix aluco; Athene noctua; Ptilopsis leucotis
monitor_lizard,TR,323,2,0.006,0.023,0.0,-0.023,Varanus niloticus; Varanus salvator
pythons_reptiles,MG,10480,1034,0.099,0.105,0.075,-0.03,Caiman crocodilus fuscus; Crocodylus niloticus; Malayopython reticulatus
pythons_reptiles,TG,2223,294,0.132,0.154,0.125,-0.03,Python regius; Python sebae
sea_fan,FR,768,32,0.042,0.062,0.032,-0.03,Pleurocorallium secundum; Pleurocorallium elatius; Acropora spp.
birds,SN,204,6,0.029,0.051,0.022,-0.03,Poicephalus senegalus; Agapornis pullarius; Cacatua alba
pythons_reptiles,TN,5583,216,0.039,0.05,0.019,-0.032,Malayopython reticulatus; Python bivittatus; Alligator mississippiensis
pythons_reptiles,CL,255,10,0.039,0.049,0.014,-0.035,Malayopython reticulatus; Crocodylus porosus; Python bivittatus
pythons_reptiles,GH,682,15,0.022,0.046,0.003,-0.042,Python regius
birds,GB,351,323,0.92,0.955,0.91,-0.045,Amazona ochrocephala; Ara ararauna; Amazona auropalliata
monitor_lizard,GH,811,24,0.03,0.056,0.01,-0.045,Varanus exanthematicus; Varanus niloticus
pythons_reptiles,UY,941,21,0.022,0.061,0.011,-0.05,Alligator mississippiensis; Crocodylus niloticus; Crocodylus porosus
sea_fan,DE,362,143,0.395,0.464,0.413,-0.051,Acropora spp.; Montipora spp.; Acanthastrea lordhowensis
bear,RU,115,3,0.026,0.074,0.019,-0.055,Ursus arctos
pythons_reptiles,ZW,5757,223,0.039,0.064,0.008,-0.056,Crocodylus niloticus; Crocodylus porosus
birds,OM,1684,1510,0.897,0.935,0.877,-0.058,Psittacus erithacus; Amazona aestiva; Ara ararauna
owl,CA,103,2,0.019,0.059,0.0,-0.059,Nyctea scandiaca
amphibians,PE,64,63,0.984,1.0,0.938,-0.062,Ranitomeya amazonica; Ranitomeya reticulata; Ranitomeya imitator
lion,ZA,830,788,0.949,0.974,0.907,-0.066,Panthera leo
primates,GH,117,1,0.009,0.067,0.0,-0.067,Cercocebus atys
pythons_reptiles,GB,24432,4953,0.203,0.238,0.167,-0.071,Python bivittatus; Crocodylus niloticus; Malayopython reticulatus
sea_fan,SG,366,33,0.09,0.081,0.01,-0.071,Acropora spp.; Duncanopsammia axifuga; Euphyllia paraancora
pythons_reptiles,GE,135,15,0.111,0.122,0.045,-0.076,Alligator mississippiensis; Crocodylus niloticus; Crocodylus porosus
turtles,RS,49,47,0.959,1.0,0.923,-0.077,Testudo hermanni; Testudo graeca; Centrochelys sulcata
pythons_reptiles,HK,39133,6255,0.16,0.208,0.128,-0.08,Malayopython reticulatus; Python bivittatus; Crocodylus niloticus
shark_ray,HK,133,16,0.12,0.156,0.074,-0.082,Hippocampus kelloggi; Potamotrygon leopoldi; Hippocampus spinosissimus
sea_fan,US,10827,1110,0.103,0.118,0.035,-0.083,Euphyllia glabrescens; Euphyllia ancora; Acropora millepora
pythons_reptiles,RO,272,14,0.051,0.083,0.0,-0.083,Crocodylus niloticus; Caiman crocodilus fuscus; Crocodylus siamensis
pythons_reptiles,MX,70064,36278,0.518,0.569,0.484,-0.084,Caiman crocodilus fuscus; Python bivittatus; Malayopython reticulatus
pythons_reptiles,CH,1599404,257032,0.161,0.203,0.118,-0.085,Python bivittatus; Alligator mississippiensis; Malayopython reticulatus
pythons_reptiles,KR,51868,20029,0.386,0.437,0.332,-0.105,Crocodylus niloticus; Caiman crocodilus fuscus; Malayopython reticulatus
pythons_reptiles,AU,15027,2353,0.157,0.213,0.106,-0.107,Crocodylus porosus; Crocodylus niloticus; Alligator mississippiensis
monitor_lizard,CA,690,282,0.409,0.438,0.325,-0.112,Varanus glauerti; Varanus pilbarensis; Varanus macraei
turtles,US,3158,1845,0.584,0.598,0.485,-0.113,Centrochelys sulcata; Malaclemys terrapin; Chelydra serpentina
pythons_reptiles,LB,547,172,0.314,0.357,0.243,-0.114,Malayopython reticulatus; Crocodylus niloticus; Python bivittatus
pythons_reptiles,IT,673119,229963,0.342,0.408,0.291,-0.117,Python bivittatus; Malayopython reticulatus; Crocodylus niloticus
pythons_reptiles,JP,37934,5804,0.153,0.214,0.096,-0.118,Crocodylus niloticus; Crocodylus porosus; Alligator mississippiensis
pythons_reptiles,AT,54695,10094,0.185,0.243,0.122,-0.121,Caiman crocodilus fuscus; Caiman crocodilus; Crocodylus niloticus
primates,US,7815,7150,0.915,0.976,0.855,-0.121,Macaca mulatta; Chlorocebus aethiops; Macaca fascicularis
primates,GB,536,464,0.866,0.874,0.75,-0.124,Macaca fascicularis; Macaca mulatta; Saguinus labiatus
sea_fan,CH,243,19,0.078,0.126,0.0,-0.126,Montipora spp.; Scleractinia spp.; Alveopora spp.
pythons_reptiles,KW,2962,1171,0.395,0.495,0.366,-0.13,Malayopython reticulatus; Python bivittatus; Crocodylus niloticus
turtles,GH,680,257,0.378,0.431,0.3,-0.131,Centrochelys sulcata; Stigmochelys pardalis; Kinixys homeana
pythons_reptiles,TR,5474,1622,0.296,0.362,0.23,-0.132,Malayopython reticulatus; Python bivittatus; Crocodylus porosus
pythons_reptiles,AE,24626,6998,0.284,0.363,0.23,-0.133,Malayopython reticulatus; Python bivittatus; Crocodylus niloticus
sea_fan,CA,87,15,0.172,0.228,0.095,-0.133,Acropora cervicornis; Acropora formosa; Acropora spp.
pythons_reptiles,MY,12135,2891,0.238,0.304,0.17,-0.134,Crocodylus porosus; Crocodylus niloticus; Python bivittatus
turtles,ET,88,9,0.102,0.24,0.097,-0.143,Stigmochelys pardalis
pythons_reptiles,TW,3712,856,0.231,0.307,0.161,-0.145,Python molurus; Python bivittatus; Crocodylus niloticus
pythons_reptiles,NA,203,93,0.458,0.833,0.682,-0.152,Crocodylus niloticus; Python bivittatus; Malayopython reticulatus
pythons_reptiles,SI,301,83,0.276,0.365,0.213,-0.152,Caiman crocodilus fuscus; Python regius; Morelia viridis
pythons_reptiles,MO,2006,292,0.146,0.242,0.084,-0.158,Crocodylus niloticus; Alligator mississippiensis; Malayopython reticulatus
primates,ZA,2181,1132,0.519,0.611,0.449,-0.162,Callithrix jacchus; Callithrix penicillata; Saguinus midas
pythons_reptiles,IL,95,59,0.621,0.667,0.5,-0.167,Crocodylus niloticus; Malayopython reticulatus; Alligator mississippiensis
shark_ray,US,109,16,0.147,0.167,0.0,-0.167,Hippocampus barbouri; Hippocampus abdominalis; Hippocampus kuda
pythons_reptiles,ES,66083,23540,0.356,0.435,0.263,-0.171,Caiman crocodilus fuscus; Malayopython reticulatus; Python bivittatus
pythons_reptiles,MU,5300,898,0.169,0.256,0.08,-0.177,Caiman crocodilus fuscus; Crocodylus niloticus; Malayopython reticulatus
sea_fan,NL,258,87,0.337,0.455,0.276,-0.179,Acropora spp.; Euphyllia glabrescens; Euphyllia ancora
pythons_reptiles,CN,13517,4621,0.342,0.458,0.274,-0.184,Python bivittatus; Crocodylus niloticus; Python molurus
pythons_reptiles,SG,296374,59955,0.202,0.313,0.129,-0.185,Malayopython reticulatus; Alligator mississippiensis; Python bivittatus
pythons_reptiles,MA,209,101,0.483,0.565,0.38,-0.185,Malayopython reticulatus; Python bivittatus
pythons_reptiles,BH,80,42,0.525,0.667,0.481,-0.186,Crocodylus niloticus; Malayopython reticulatus; Python bivittatus
pythons_reptiles,NL,19170,6901,0.36,0.448,0.258,-0.19,Python bivittatus; Malayopython reticulatus; Python regius
turtles,CO,225,199,0.884,1.0,0.807,-0.193,Chelonoidis carbonarius; Chelonoidis denticulatus
birds,AE,1194,1020,0.854,0.994,0.799,-0.195,Psittacus erithacus; Ara ararauna; Psittacula eupatria
owl,AU,91,44,0.484,0.553,0.35,-0.203,Tyto novaehollandiae; Tyto tenebricosa; Ninox novaeseelandiae
pythons_reptiles,FR,1016003,192972,0.19,0.317,0.112,-0.205,Python bivittatus; Malayopython reticulatus; Crocodylus niloticus
birds,MY,286,255,0.892,0.964,0.758,-0.206,Trichoglossus haematodus; Aratinga solstitialis; Cacatua galerita
pythons_reptiles,CZ,912,586,0.643,0.798,0.587,-0.211,Python regius; Python bivittatus; Morelia spilota
pythons_reptiles,NO,437,73,0.167,0.333,0.115,-0.219,Malayopython reticulatus; Python bivittatus; Alligator mississippiensis
pythons_reptiles,RU,3819,1508,0.395,0.527,0.299,-0.228,Python bivittatus; Malayopython reticulatus; Crocodylus porosus
monitor_lizard,PH,166,30,0.181,0.24,0.0,-0.24,Varanus salvator
primates,FR,320,211,0.659,0.865,0.604,-0.262,Macaca fascicularis; Callithrix pygmaea; Callithrix jacchus
pythons_reptiles,UA,288,168,0.583,0.678,0.411,-0.267,Malayopython reticulatus; Python bivittatus; Crocodylus niloticus
shark_ray,NC,55,46,0.836,1.0,0.727,-0.273,Hippocampus spinosissimus; Hippocampus abdominalis
pythons_reptiles,MC,1008,395,0.392,0.52,0.244,-0.277,Python bivittatus; Malayopython reticulatus; Crocodylus niloticus
pythons_reptiles,SE,376,127,0.338,0.48,0.179,-0.301,Python regius; Morelia viridis; Morelia spilota
birds,JO,521,398,0.764,0.968,0.656,-0.312,Psittacus erithacus; Pyrrhura molinae; Ara ararauna
pythons_reptiles,CA,11470,3597,0.314,0.525,0.199,-0.326,Python regius; Caiman crocodilus fuscus; Python bivittatus
sea_fan,DK,185,33,0.178,0.356,0.027,-0.329,Acropora spp.; Australomussa rowleyensis; Cyphastrea spp.
pythons_reptiles,NZ,843,171,0.203,0.41,0.08,-0.33,Malayopython reticulatus; Python bivittatus; Alligator mississippiensis
turtles,UY,42,38,0.905,1.0,0.667,-0.333,Chelonoidis chilensis; Terrapene carolina; Chelonoidis carbonarius
pythons_reptiles,SM,137,59,0.431,0.473,0.133,-0.339,Malayopython reticulatus; Python molurus; Python bivittatus
pythons_reptiles,GR,253,66,0.261,0.344,0.0,-0.344,Python bivittatus; Malayopython reticulatus; Python molurus
pythons_reptiles,IE,10141,920,0.091,0.462,0.11,-0.351,Alligator mississippiensis; Python bivittatus; Crocodylus niloticus
owl,ZA,167,65,0.389,0.592,0.222,-0.37,Bubo africanus; Bubo bubo; Tyto alba
primates,IT,1552,1010,0.651,0.904,0.511,-0.393,Macaca fascicularis; Macaca mulatta; Saguinus oedipus
primates,ID,226,148,0.655,1.0,0.548,-0.452,Macaca fascicularis; Macaca nemestrina; Tarsius tarsier
pythons_reptiles,PH,887,338,0.381,0.619,0.16,-0.459,Crocodylus porosus; Malayopython reticulatus; Python bivittatus
pythons_reptiles,KZ,277,156,0.563,0.739,0.258,-0.481,Malayopython reticulatus; Python bivittatus; Crocodylus niloticus
shark_ray,SG,696,81,0.116,0.683,0.136,-0.547,Potamotrygon spp.; Potamotrygon leopoldi; Potamotrygon jabuti
shark_ray,TW,1263,360,0.285,0.812,0.254,-0.559,Hippocampus reidi; Hippocampus kuda; Hippocampus erectus
pythons_reptiles,BL,87,24,0.276,0.667,0.088,-0.578,Python bivittatus; Crocodylus porosus; Malayopython reticulatus
birds,ML,365,214,0.586,0.707,0.041,-0.666,Psittacus erithacus; Ara ararauna; Amazona aestiva
pythons_reptiles,BG,54,16,0.296,0.762,0.0,-0.762,Python bivittatus; Caiman crocodilus; Alligator mississippiensis
shark_ray,FR,92,51,0.554,1.0,0.233,-0.767,Hippocampus spinosissimus; Hippocampus erectus; Holothuria fuscogilva
shark_ray,LK,4776,901,0.189,0.903,0.089,-0.814,Hippocampus reidi; Hippocampus comes; Hippocampus erectus
shark_ray,ID,2213,60,0.027,1.0,0.005,-0.995,Hippocampus barbouri; Potamotrygon spp.; Hippocampus comes
