species_group,origin,exporter,importer,seized_shipments
pythons_reptiles,XX,MX,US,910
sea_fan,ID,ID,US,604
medicinal_plants,US,US,CN,559
pythons_reptiles,MX,MX,US,458
pythons_reptiles,US,CH,US,390
pythons_reptiles,US,FR,US,390
bear,CA,CA,US,276
medicinal_plants,XX,CN,US,265
orchids,XX,CN,US,256
red_sanders,IN,IN,CN,254
sea_fan,MX,MX,US,236
sea_fan,BS,BS,US,234
sea_fan,AU,AU,US,191
turtles,FM,FM,US,180
pythons_reptiles,US,IT,US,177
shark_ray,MX,MX,US,177
pythons_reptiles,AU,AU,US,173
pythons_reptiles,XX,ID,US,172
turtles,MX,MX,US,171
pythons_reptiles,TH,TH,US,159
sea_fan,MH,MH,US,152
orchids,XX,ID,US,150
rosewood,VN,VN,US,150
sea_fan,TO,TO,US,148
pythons_reptiles,ZW,IT,US,146
sea_fan,FM,FM,US,143
birds,MX,MX,US,139
pythons_reptiles,VN,VN,US,134
shark_ray,VN,VN,US,130
pythons_reptiles,US,GB,US,128
pythons_reptiles,XX,GB,US,128
pythons_reptiles,VN,IT,US,127
sea_fan,PH,PH,US,126
pythons_reptiles,ID,ID,US,125
birds,PE,PE,US,124
sea_fan,CU,CU,US,124
turtles,PW,PW,US,123
sea_fan,PF,PF,US,122
pythons_reptiles,US,CA,US,121
elephant,VN,VN,US,121
pythons_reptiles,XX,IT,US,116
elephant,XX,MX,US,110
pythons_reptiles,ID,IT,US,103
elephant,XX,GB,US,102
shark_ray,XX,CN,US,101
medicinal_plants,US,US,HK,100
pythons_reptiles,XX,CN,US,99
pythons_reptiles,XX,FR,US,99
cacti_succulents,MX,MX,US,98
turtles,XX,GB,US,97
red_sanders,IN,IN,HK,96
sea_fan,PW,PW,US,90
pythons_reptiles,US,MX,US,88
pythons_reptiles,CN,CN,US,86
sea_fan,VN,VN,US,85
pythons_reptiles,US,DE,US,84
pythons_reptiles,XX,CA,US,84
pythons_reptiles,US,HK,US,82
pythons_reptiles,VN,FR,US,82
pythons_reptiles,XX,HK,US,80
pythons_reptiles,XX,TH,US,80
pythons_reptiles,XX,SG,US,78
elephant,XX,VN,US,78
pythons_reptiles,XX,VN,US,76
orchids,CN,CN,US,73
monitor_lizard,MY,FR,US,72
pythons_reptiles,VN,SG,US,71
shark_ray,CN,CN,US,70
elephant,TH,TH,US,69
pythons_reptiles,XX,JP,US,68
pythons_reptiles,ID,FR,US,67
turtles,XX,MX,US,63
pythons_reptiles,MY,MX,US,63
birds,XX,MX,US,62
sea_fan,VN,VN,CA,62
elephant,XX,TH,US,61
musk_deer,XX,CN,US,60
agarwood,LK,LK,AE,58
elephant,XX,CN,US,57
birds,BR,BR,US,56
tiger,VN,VN,US,54
sea_fan,VN,VN,KR,54
bear,XX,CN,US,53
owl,MX,MX,US,52
pythons_reptiles,US,JP,US,51
sea_fan,JP,JP,US,51
pythons_reptiles,ZA,IT,US,51
pythons_reptiles,AU,FR,US,51
bear,VN,VN,US,50
monitor_lizard,XX,MX,US,50
orchids,XX,VN,US,48
birds,CO,CO,US,48
pythons_reptiles,ZA,ZA,US,47
pythons_reptiles,TH,MX,US,47
pythons_reptiles,US,US,CA,46
medicinal_plants,CN,CN,US,45
monitor_lizard,ID,FR,US,45
musk_deer,XX,VN,US,43
red_sanders,IN,AE,CN,43
bear,CN,CN,US,43
pythons_reptiles,ZM,ZW,US,42
cacti_succulents,TH,TH,US,41
elephant,ZA,ZA,US,41
medicinal_plants,US,CN,US,41
bear,US,CA,US,41
turtles,XX,FM,US,40
shark_ray,XX,HK,US,40
musk_deer,VN,VN,US,40
monitor_lizard,ID,IT,US,40
elephant,MX,MX,US,40
turtles,NI,NI,US,39
primates,CN,CA,US,39
primates,XX,ID,US,39
musk_deer,CN,CN,US,39
medicinal_plants,US,US,TW,39
leopard,XX,CN,US,39
primates,VN,DE,US,39
primates,XX,GB,US,38
primates,ZA,ZA,US,38
tiger,XX,VN,US,38
cacti_succulents,CN,CN,US,38
musk_deer,CN,HK,US,38
birds,US,CA,US,37
pythons_reptiles,ID,GB,US,37
rosewood,IN,IN,US,37
elephant,XX,US,CN,36
pythons_reptiles,VN,ES,US,35
musk_deer,XX,HK,US,35
sea_fan,XX,XX,US,35
pythons_reptiles,ZW,FR,US,35
pythons_reptiles,KH,KH,US,34
birds,XX,NL,US,34
elephant,NG,NG,US,34
pythons_reptiles,SG,SG,US,34
owl,XX,RU,US,34
birds,XX,GB,US,33
orchids,TH,TH,US,33
primates,ID,ID,US,33
pythons_reptiles,US,NL,US,32
owl,CA,CA,US,32
orchids,XX,HK,US,31
pythons_reptiles,XX,US,HK,31
cacti_succulents,US,US,KR,31
turtles,VN,VN,US,31
pythons_reptiles,NG,NG,US,30
rosewood,IN,GB,US,30
rosewood,NI,GB,US,30
pythons_reptiles,US,CN,US,29
pythons_reptiles,BO,IT,US,29
turtles,CN,CN,US,29
turtles,XX,HK,US,29
bear,XX,VN,US,29
pythons_reptiles,ID,ES,US,29
turtles,US,HK,US,29
turtles,XX,HK,GB,29
primates,MU,CA,US,29
birds,CA,CA,US,28
sea_fan,KY,KY,US,28
sea_fan,FJ,FJ,US,28
sea_fan,MY,MY,US,28
primates,XX,FI,GB,28
pythons_reptiles,XX,CH,US,27
sea_fan,VN,VN,KW,27
turtles,HN,HN,US,26
pythons_reptiles,AU,IT,US,26
elephant,XX,CA,US,26
elephant,XX,FR,US,26
elephant,XX,XX,US,26
sea_fan,CN,CN,US,26
pythons_reptiles,US,SG,US,26
agarwood,LK,LK,SA,26
birds,GT,GT,DE,26
sea_fan,ID,ID,FR,25
monitor_lizard,MX,MX,US,25
cacti_succulents,JP,JP,US,24
pythons_reptiles,MY,FR,US,24
pythons_reptiles,US,US,FR,23
pythons_reptiles,US,ES,US,23
pythons_reptiles,XX,AE,US,23
pythons_reptiles,XX,DE,US,23
pythons_reptiles,CO,CO,US,23
orchids,TH,TH,FR,23
pythons_reptiles,XX,KR,US,23
sea_fan,XX,MX,US,23
pythons_reptiles,XX,TR,US,23
sea_fan,TW,IT,US,23
sea_fan,SA,SA,US,23
pythons_reptiles,IT,MX,US,23
birds,XX,PE,US,22
birds,XX,CA,US,22
primates,CN,CN,US,22
pythons_reptiles,XX,NL,US,21
sea_fan,BZ,BZ,US,21
shark_ray,XX,VN,US,21
pythons_reptiles,VN,CH,US,21
cacti_succulents,ID,ID,US,21
pythons_reptiles,XX,XX,US,21
birds,AU,AU,US,21
pythons_reptiles,CO,MX,US,20
turtles,US,US,HK,20
tiger,XX,CN,US,20
monitor_lizard,MY,IT,US,20
pythons_reptiles,IT,IT,US,20
turtles,GB,GB,US,20
birds,ID,PH,ID,20
birds,XX,CO,US,20
pythons_reptiles,US,US,HK,19
pythons_reptiles,US,AE,US,19
pythons_reptiles,PE,PE,US,19
elephant,XX,LA,US,19
musk_deer,XX,KR,US,19
primates,PE,PE,US,19
sea_fan,TC,TC,US,19
sea_fan,VN,VN,AE,19
birds,BB,BB,TT,19
shark_ray,AU,AU,US,19
rosewood,IN,IN,CN,19
sea_fan,VN,VN,JP,19
rosewood,BF,BF,CH,19
primates,XX,ES,GB,19
agarwood,ID,ID,US,18
turtles,XX,CN,US,18
turtles,PE,PE,US,18
pythons_reptiles,MY,IT,US,18
pythons_reptiles,CA,CA,US,18
monitor_lizard,XX,ID,US,18
cacti_succulents,IT,IT,US,18
sea_fan,XX,CA,US,18
sea_fan,DO,DO,US,17
elephant,XX,US,HK,17
elephant,XX,NG,US,17
pangolin,XX,CN,US,17
turtles,XX,VN,US,17
medicinal_plants,XX,HK,US,17
pythons_reptiles,VN,GB,US,17
pythons_reptiles,ZW,ZW,US,17
rosewood,XX,CA,US,17
pythons_reptiles,US,US,CH,16
pythons_reptiles,US,MY,US,16
sea_fan,XX,ID,US,16
orchids,JP,JP,US,16
shark_ray,HK,HK,US,16
medicinal_plants,XX,US,CN,16
lion,ZA,ZA,US,16
owl,US,CA,US,16
bear,US,US,CA,16
monitor_lizard,XX,CA,US,16
monitor_lizard,XX,JP,US,16
monitor_lizard,TH,TH,US,16
turtles,XX,CN,DE,16
pythons_reptiles,GH,GH,US,16
shark_ray,XX,US,HK,16
pythons_reptiles,XX,NG,US,15
elephant,XX,HK,US,15
pangolin,XX,MX,US,15
pangolin,VN,VN,US,15
musk_deer,XX,KH,US,15
monitor_lizard,ML,FR,US,15
sea_fan,VN,VN,BR,15
orchids,TW,TW,US,15
medicinal_plants,XX,IN,US,15
shark_ray,CO,CO,US,15
pythons_reptiles,XX,US,OM,15
pythons_reptiles,GB,GB,US,15
pythons_reptiles,US,BE,US,14
pythons_reptiles,XX,GT,US,14
cacti_succulents,ES,ES,US,14
sea_fan,TW,TW,US,14
pythons_reptiles,XX,ES,US,14
pythons_reptiles,ZW,GB,US,14
pythons_reptiles,TH,IT,US,14
pythons_reptiles,BR,BR,US,14
elephant,XX,JP,US,14
sea_fan,TH,TH,US,14
orchids,XX,KH,US,14
bear,RU,RU,US,14
pythons_reptiles,US,AT,US,14
birds,CR,CR,US,14
orchids,XX,TH,US,14
rhino,CN,US,HK,14
pythons_reptiles,US,AU,US,14
primates,GB,GB,AU,14
pythons_reptiles,ZM,CA,US,14
primates,GB,AU,ES,14
primates,XX,GB,FI,14
sea_fan,XX,LB,US,14
pythons_reptiles,XX,US,CA,13
pythons_reptiles,US,SE,US,13
pythons_reptiles,US,TH,US,13
agarwood,MY,MY,US,13
agarwood,XX,CN,US,13
cacti_succulents,KR,KR,US,13
pythons_reptiles,CO,ES,US,13
rosewood,NI,NI,US,13
agarwood,LK,LK,IN,13
shark_ray,XX,ID,US,13
shark_ray,XX,XX,US,13
elephant,ZW,ZW,US,13
jaguar,PE,PE,US,13
primates,CA,CA,US,13
bear,XX,HK,US,13
amphibians,PA,PA,US,13
birds,US,US,TT,13
sea_fan,XX,US,CL,13
pythons_reptiles,ZA,FR,US,13
sea_fan,XX,CN,US,13
red_sanders,IN,IN,SG,13
red_sanders,IN,SG,CN,13
birds,PH,PH,ID,13
sea_fan,XX,CU,US,13
sea_fan,XX,IT,US,12
pythons_reptiles,VE,IT,US,12
pythons_reptiles,XX,US,IT,12
orchids,KR,KR,US,12
pythons_reptiles,ZM,IT,US,12
pythons_reptiles,XX,AU,US,12
pythons_reptiles,XX,US,CN,12
birds,US,US,CA,12
elephant,XX,LB,US,12
turtles,HT,HT,US,12
shark_ray,XX,CA,US,12
shark_ray,PE,PE,US,12
medicinal_plants,US,US,XX,12
medicinal_plants,CA,CA,US,12
medicinal_plants,XX,KH,US,12
shark_ray,BZ,BZ,US,12
sea_fan,ID,US,CL,12
rosewood,AE,AE,AO,12
birds,NL,NL,US,12
turtles,XX,US,SN,12
turtles,XX,US,HK,12
medicinal_plants,US,HK,US,12
monitor_lizard,ID,GB,US,12
rosewood,ID,ID,US,12
pythons_reptiles,ID,NL,US,12
sea_fan,AU,US,SA,12
birds,MY,MY,ID,12
primates,VN,GB,US,12
pythons_reptiles,US,DK,US,11
pythons_reptiles,US,KR,US,11
sea_fan,XX,PW,US,11
cacti_succulents,XX,XX,US,11
turtles,KY,KY,US,11
turtles,XX,CA,US,11
primates,KN,KN,US,11
pythons_reptiles,AU,CH,US,11
elephant,XX,KH,US,11
musk_deer,CN,VN,US,11
medicinal_plants,US,US,AU,11
monitor_lizard,XX,GB,US,11
monitor_lizard,XX,HK,US,11
monitor_lizard,XX,LA,US,11
monitor_lizard,PH,PH,US,11
cacti_succulents,US,US,HK,11
pythons_reptiles,CO,IT,US,11
orchids,XX,TW,US,11
pythons_reptiles,ID,DE,US,11
monitor_lizard,TD,FR,US,11
rosewood,IN,IN,JP,11
cacti_succulents,XX,TH,US,11
pythons_reptiles,ID,VN,US,11
pythons_reptiles,FR,FR,US,11
sea_fan,VN,VN,PL,11
turtles,MG,JE,GB,11
primates,MU,MU,US,11
agarwood,XX,VN,US,11
shark_ray,US,US,TZ,11
owl,XX,MX,US,10
pythons_reptiles,XX,MY,US,10
turtles,XX,PW,US,10
pythons_reptiles,XX,BE,US,10
pythons_reptiles,ZW,CH,US,10
pythons_reptiles,PG,JP,US,10
elephant,XX,US,CA,10
elephant,XX,ZA,US,10
sea_fan,SB,SB,US,10
pythons_reptiles,ID,CA,US,10
shark_ray,XX,MX,US,10
sea_fan,SB,FR,US,10
primates,ET,ET,US,10
monitor_lizard,ID,CA,US,10
monitor_lizard,XX,FR,US,10
turtles,BZ,BZ,US,10
turtles,MH,MH,US,10
pythons_reptiles,ZW,ZA,US,10
pythons_reptiles,ID,MX,US,10
orchids,XX,SG,US,10
leopard,TZ,TZ,US,10
sea_fan,JP,IT,US,10
primates,MX,MX,US,10
sea_fan,VN,VN,IT,10
sea_fan,VN,VN,DK,10
sea_fan,VN,VN,IN,10
pythons_reptiles,JP,JP,US,10
elephant,LA,LA,US,10
elephant,JP,JP,US,10
pythons_reptiles,ID,IT,MX,10
birds,EC,EC,US,10
cacti_succulents,DE,DE,US,10
rosewood,CA,CA,US,10
elephant,NA,AU,US,10
pythons_reptiles,ZM,FR,US,10
sea_fan,XX,TR,US,10
sea_fan,XX,AE,US,10
jaguar,MX,MX,IN,10
shark_ray,VE,BR,US,10
shark_ray,VE,US,BR,10
primates,XX,AE,IN,10
pythons_reptiles,XX,CH,DE,9
sea_fan,XX,GB,US,9
sea_fan,EC,EC,US,9
pythons_reptiles,US,US,CN,9
pythons_reptiles,XX,PE,US,9
pythons_reptiles,ZW,SG,US,9
pythons_reptiles,PG,IT,US,9
primates,PH,PH,US,9
pythons_reptiles,VN,DE,US,9
sea_fan,XX,JP,US,9
sea_fan,HT,HT,US,9
turtles,UZ,UZ,US,9
bear,XX,KH,US,9
bear,XX,XX,US,9
cycads,AU,AU,FR,9
bear,AL,AL,DE,9
turtles,MG,MG,US,9
pythons_reptiles,NI,NI,US,9
pythons_reptiles,SD,SD,US,9
sea_fan,VN,VN,CY,9
pythons_reptiles,CH,CH,US,9
orchids,ID,ID,US,9
medicinal_plants,US,TW,US,9
monitor_lizard,XX,KR,US,9
pangolin,XX,SG,US,9
orchids,XX,PH,US,9
shark_ray,TW,TW,US,9
medicinal_plants,XX,ID,US,9
pythons_reptiles,NI,MX,US,9
elephant,XX,AE,US,9
shark_ray,XX,HK,SG,9
turtles,TW,TW,IT,9
pythons_reptiles,US,US,MX,8
birds,XX,DO,US,8
pythons_reptiles,CO,TH,US,8
primates,XX,CA,US,8
primates,ZW,ZW,US,8
pythons_reptiles,ID,SG,US,8
birds,BE,BE,US,8
rosewood,BR,BR,US,8
elephant,XX,ES,US,8
elephant,XX,NL,US,8
orchids,VN,VN,US,8
elephant,XX,SG,US,8
primates,XX,HK,US,8
pythons_reptiles,GY,GY,US,8
medicinal_plants,US,US,KR,8
tiger,XX,XX,US,8
rhino,XX,SG,ZA,8
monitor_lizard,XX,IT,US,8
monitor_lizard,LA,LA,US,8
primates,XX,KW,GB,8
birds,US,US,VG,8
elephant,XX,BE,US,8
elephant,CN,CN,US,8
turtles,CU,CU,US,8
lion,PE,PE,ZA,8
leopard,XX,US,SN,8
bear,FI,FI,US,8
sea_fan,VN,VN,QA,8
rosewood,IN,IN,KR,8
agarwood,LK,LK,SG,8
pythons_reptiles,ES,ES,US,8
owl,XX,NL,US,8
turtles,XX,US,ZA,8
pythons_reptiles,HK,HK,US,8
elephant,GB,GB,US,8
tiger,TH,TH,US,8
sea_fan,XX,HK,US,8
cacti_succulents,US,HK,US,8
monitor_lizard,ID,MX,US,8
shark_ray,XX,US,OM,8
eels,XX,CN,US,8
cacti_succulents,XX,CN,US,8
musk_deer,XX,ID,US,8
birds,SR,SR,US,8
pythons_reptiles,MZ,IT,US,8
leopard,MZ,MZ,SZ,8
sea_fan,KH,VN,US,8
tokay_gecko,XX,CN,US,8
monitor_lizard,VN,VN,US,8
cheetah,XX,AE,IN,8
rosewood,BZ,GB,US,8
owl,GT,GT,DE,8
turtles,XX,FR,US,7
turtles,SV,SV,US,7
pythons_reptiles,PG,FR,US,7
pythons_reptiles,XX,SA,US,7
elephant,XX,ZW,US,7
shark_ray,XX,PE,US,7
turtles,ZA,ZA,US,7
elephant,XX,DE,US,7
elephant,XX,IT,US,7
elephant,NA,NA,US,7
primates,BR,BR,US,7
pythons_reptiles,ID,US,CA,7
pythons_reptiles,LA,IT,US,7
pangolin,CN,CN,US,7
medicinal_plants,US,US,JP,7
birds,NG,NG,US,7
pythons_reptiles,XX,KH,US,7
medicinal_plants,XX,VN,US,7
owl,GB,GB,US,7
monitor_lizard,ID,CH,US,7
monitor_lizard,XX,TH,US,7
monitor_lizard,ID,ID,US,7
rhino,VN,VN,ZA,7
pythons_reptiles,US,IL,US,7
birds,GB,GB,US,7
birds,CA,CA,TT,7
cacti_succulents,XX,US,HK,7
cacti_succulents,GT,GT,US,7
primates,KH,KH,US,7
rosewood,IN,IN,ID,7
medicinal_plants,XX,US,HK,7
pythons_reptiles,XX,US,ZA,7
birds,GY,GY,US,7
pythons_reptiles,VE,FR,US,7
turtles,HK,HK,US,7
rosewood,XX,GB,US,7
primates,VN,KR,US,7
tiger,XX,KH,US,7
sea_fan,VN,VN,LK,7
turtles,SN,SN,CI,7
birds,GT,GT,CA,7
pythons_reptiles,TH,MX,GT,7
turtles,JE,JE,GB,7
pythons_reptiles,XX,SE,US,7
turtles,BS,BS,US,7
pythons_reptiles,CU,CU,US,7
sea_fan,KE,KE,US,7
birds,GT,GT,MX,7
sea_fan,XX,EG,US,7
birds,XX,RU,US,7
elephant,XX,TR,US,7
shark_ray,VE,VN,US,7
pythons_reptiles,US,US,BZ,7
pythons_reptiles,US,BZ,US,7
shark_ray,VE,LK,US,7
elephant,XX,CZ,US,6
turtles,TN,IT,TN,6
pythons_reptiles,US,US,NL,6
pythons_reptiles,US,US,JP,6
pythons_reptiles,US,SX,US,6
birds,ZA,ZA,US,6
agarwood,SA,SA,US,6
cacti_succulents,HU,HU,US,6
pythons_reptiles,CO,HK,US,6
turtles,XX,XX,US,6
orchids,HK,HK,US,6
bear,XX,LA,US,6
shark_ray,TH,TH,US,6
primates,FR,FR,US,6
pythons_reptiles,LA,CH,US,6
pythons_reptiles,XX,ZA,US,6
pythons_reptiles,US,US,IT,6
pythons_reptiles,CM,CM,US,6
bear,SE,SE,US,6
monitor_lizard,ID,CO,US,6
monitor_lizard,XX,US,CA,6
pythons_reptiles,US,TR,US,6
pythons_reptiles,US,RO,US,6
sea_fan,XX,US,SN,6
shark_ray,XX,US,SN,6
pythons_reptiles,XX,US,SN,6
pythons_reptiles,PH,PH,US,6
elephant,XX,AR,US,6
elephant,CM,CM,US,6
elephant,HK,HK,NZ,6
pythons_reptiles,XX,TW,US,6
leopard,ZA,ZA,US,6
sea_fan,XX,QA,US,6
sea_fan,NG,NG,US,6
totoaba,MX,MX,US,6
bear,MX,MX,US,6
monitor_lizard,XX,US,HK,6
elephant,TZ,US,CA,6
elephant,TZ,CA,US,6
rhino,MY,MY,ZA,6
sea_fan,XX,NG,US,6
birds,CU,CU,US,6
pythons_reptiles,GT,GT,US,6
turtles,US,US,MX,6
turtles,CA,CA,US,6
primates,MU,GB,US,6
pangolin,LR,LR,US,6
lion,DE,US,NL,6
jaguar,MX,MX,US,6
primates,XX,TR,DK,6
elephant,XX,US,OM,6
sea_fan,US,US,AU,6
leopard,SN,SN,CI,6
pythons_reptiles,DE,DE,US,6
birds,US,MX,US,6
pythons_reptiles,AR,AR,US,6
elephant,KH,KH,US,6
cacti_succulents,HK,HK,US,6
pythons_reptiles,US,TW,US,6
cacti_succulents,XX,MX,US,6
owl,XX,GB,US,6
monitor_lizard,CN,CN,US,6
pythons_reptiles,ZW,CA,US,6
birds,MM,MM,US,6
turtles,XX,CN,IT,6
primates,XX,NL,GB,6
turtles,XX,GB,SG,6
amphibians,US,US,MX,6
pythons_reptiles,ZA,SG,US,6
pythons_reptiles,AU,CA,US,6
tokay_gecko,VN,VN,US,6
shark_ray,XX,BR,US,6
pangolin,GH,GH,US,6
primates,BH,BH,AE,6
shark_ray,VE,US,VN,6
pythons_reptiles,MY,US,MX,6
shark_ray,VE,US,LK,6
turtles,VN,VN,HK,6
birds,XX,DE,CH,5
birds,US,US,TW,5
turtles,ID,ID,US,5
birds,HN,HN,US,5
pythons_reptiles,CO,CH,US,5
pythons_reptiles,CO,DE,US,5
turtles,XX,HT,US,5
turtles,XX,DO,US,5
turtles,XX,HN,US,5
pythons_reptiles,ZA,CA,US,5
pythons_reptiles,ZA,CH,US,5
pythons_reptiles,ZA,GB,US,5
pythons_reptiles,AU,SG,US,5
pythons_reptiles,SG,IT,US,5
pythons_reptiles,TH,FR,US,5
pythons_reptiles,XX,DK,US,5
pythons_reptiles,MY,MY,US,5
rosewood,XX,CN,US,5
elephant,XX,US,CH,5
elephant,XX,AU,US,5
turtles,XX,NL,US,5
cacti_succulents,TH,TH,FR,5
sea_fan,XX,TW,US,5
bear,LA,LA,US,5
bear,TH,TH,US,5
shark_ray,BR,BR,US,5
shark_ray,EC,EC,US,5
shark_ray,NI,NI,US,5
elephant,XX,CH,US,5
carnivorous_plants,LK,LK,US,5
medicinal_plants,US,US,FR,5
medicinal_plants,US,US,CA,5
lion,ZA,CA,US,5
leopard,XX,GB,US,5
tiger,XX,CA,US,5
primates,XX,SG,US,5
primates,CM,CM,US,5
pythons_reptiles,XX,US,BH,5
pythons_reptiles,XX,GR,US,5
rhino,XX,CN,US,5
bear,XX,CA,US,5
birds,XX,DE,US,5
primates,KR,KR,US,5
cycads,ZA,NZ,ZA,5
primates,XX,CN,GB,5
turtles,XX,JE,GB,5
pythons_reptiles,US,US,TT,5
cacti_succulents,XX,HK,US,5
hornbill,ID,ID,US,5
pythons_reptiles,BO,FR,US,5
primates,XX,FR,US,5
pythons_reptiles,NA,IT,US,5
rosewood,XX,US,SN,5
primates,AO,AO,CG,5
turtles,CR,CR,US,5
elephant,ZA,MX,US,5
elephant,XX,AT,US,5
primates,MU,DE,US,5
pythons_reptiles,VN,CA,US,5
pythons_reptiles,LA,FR,US,5
musk_deer,CN,CA,US,5
pythons_reptiles,VN,MX,US,5
pythons_reptiles,VN,TR,US,5
medicinal_plants,IN,IN,US,5
sea_fan,JM,JM,US,5
sea_fan,BR,BR,US,5
monitor_lizard,ID,ES,US,5
rosewood,IN,IN,IT,5
pythons_reptiles,XX,DE,CH,5
sea_fan,CA,CA,US,5
birds,ES,ES,US,5
pythons_reptiles,US,US,KR,5
pythons_reptiles,US,VN,US,5
pythons_reptiles,AR,VN,US,5
pythons_reptiles,TG,TG,US,5
elephant,XX,US,TW,5
pythons_reptiles,VN,CN,US,5
pangolin,MX,MX,US,5
leopard,NA,NA,US,5
tiger,DE,US,NL,5
primates,XX,LB,GB,5
elephant,XX,GB,HK,5
sea_fan,XX,US,OM,5
turtles,XX,US,OM,5
elephant,XX,US,BE,5
pangolin,XX,SG,CN,5
pythons_reptiles,CN,HK,US,5
primates,CN,FR,US,5
jaguar,BR,BR,US,5
tiger,MX,MX,US,5
pythons_reptiles,US,US,DE,5
shark_ray,XX,VE,US,5
sea_fan,TW,CH,US,5
cheetah,SO,SO,NA,5
leopard,SO,SO,NA,5
sea_fan,XX,IL,US,5
pythons_reptiles,VE,MX,US,5
pythons_reptiles,BO,DE,US,5
cheetah,XX,BH,AE,5
turtles,XX,HK,CH,5
primates,XX,BH,AE,5
shark_ray,HS,TW,US,5
sea_fan,EG,EG,US,5
pythons_reptiles,XX,BO,US,5
turtles,XX,MH,US,5
pythons_reptiles,XX,ET,US,5
pythons_reptiles,VN,JP,US,5
sea_fan,VG,VG,US,5
primates,KH,CA,US,5
pythons_reptiles,ID,PL,US,5
jaguar,XX,PE,US,5
turtles,MX,US,HK,5
pythons_reptiles,XX,US,BZ,5
pythons_reptiles,XX,BZ,US,5
shark_ray,VE,US,TZ,5
shark_ray,VE,TZ,US,5
shark_ray,XX,US,BR,5
shark_ray,XX,US,LK,5
sea_fan,AU,CA,US,4
sea_fan,XX,US,CA,4
sea_fan,CN,HK,US,4
sea_fan,TR,TR,US,4
pythons_reptiles,US,US,GB,4
pythons_reptiles,US,PH,US,4
sea_fan,XX,FM,US,4
agarwood,XX,ID,US,4
birds,XX,BR,US,4
pythons_reptiles,XX,CO,US,4
turtles,XX,TO,US,4
turtles,XX,NI,US,4
sea_fan,TO,HK,US,4
amphibians,XX,HK,US,4
orchids,JM,JM,US,4
elephant,XX,ID,US,4
turtles,US,US,CA,4
bear,XX,TH,US,4
shark_ray,HN,HN,US,4
turtles,NG,NG,US,4
elephant,ZW,ZA,US,4
primates,VN,CA,US,4
pangolin,CM,CM,US,4
carnivorous_plants,TH,TH,US,4
medicinal_plants,US,US,GB,4
leopard,XX,HK,US,4
orchids,DE,DE,US,4
sea_fan,XX,US,CH,4
pythons_reptiles,VN,US,CA,4
pythons_reptiles,XX,US,FR,4
sea_fan,XX,MH,US,4
bear,XX,JP,US,4
bear,RO,RO,US,4
bear,XX,KR,US,4
monitor_lizard,ID,US,CA,4
monitor_lizard,XX,NL,US,4
amphibians,NI,NI,US,4
pythons_reptiles,US,PT,US,4
pythons_reptiles,US,IS,US,4
pythons_reptiles,US,LV,US,4
birds,US,US,TH,4
turtles,MG,IN,MG,4
cacti_succulents,DO,DO,US,4
turtles,CO,CO,US,4
turtles,XX,JP,US,4
pythons_reptiles,XX,LT,US,4
turtles,DO,DO,US,4
shark_ray,MY,MY,US,4
shark_ray,CR,CR,US,4
elephant,ZW,IT,US,4
pythons_reptiles,ID,CH,US,4
musk_deer,KR,KR,US,4
leopard,NG,NG,US,4
tiger,KH,KH,US,4
primates,TZ,TZ,US,4
pythons_reptiles,XX,US,JP,4
pythons_reptiles,XX,KE,US,4
sea_fan,HK,HK,US,4
shark_ray,ID,ID,US,4
monitor_lizard,TG,TG,US,4
monitor_lizard,XX,TW,US,4
monitor_lizard,NG,NG,US,4
turtles,SG,SG,KR,4
sea_fan,VN,VN,GB,4
pythons_reptiles,XX,CH,FR,4
rosewood,IN,IN,CZ,4
pangolin,ZA,ZA,TZ,4
rhino,MZ,MZ,ZA,4
bear,AL,AL,BE,4
pythons_reptiles,US,PA,US,4
pythons_reptiles,US,CZ,US,4
owl,ZA,ZA,US,4
pythons_reptiles,ID,CO,US,4
shark_ray,IN,IN,US,4
rhino,ZA,ZA,US,4
primates,US,GB,US,4
turtles,XX,ES,US,4
turtles,EC,PE,EC,4
pythons_reptiles,ZA,ES,US,4
pythons_reptiles,ML,ML,US,4
pythons_reptiles,XX,BL,US,4
rosewood,XX,PK,US,4
elephant,XX,PH,US,4
shark_ray,XX,SG,US,4
shark_ray,JP,JP,US,4
primates,MU,FR,US,4
primates,HK,HK,US,4
pythons_reptiles,ID,CN,US,4
pythons_reptiles,MY,BR,US,4
pythons_reptiles,ID,HK,US,4
pythons_reptiles,ID,TR,US,4
musk_deer,XX,MY,US,4
orchids,EC,EC,US,4
birds,XX,SG,PT,4
lion,XX,US,OM,4
leopard,XX,US,OM,4
sea_fan,VN,VN,CH,4
shark_ray,CI,CI,SN,4
lion,MO,FR,ZA,4
primates,ID,TH,ID,4
monitor_lizard,ID,PH,ID,4
primates,ZW,ZW,CD,4
agarwood,LK,LK,KW,4
pythons_reptiles,MY,MX,CR,4
bear,MK,MK,BG,4
primates,TH,KR,US,4
tiger,CA,CA,US,4
rosewood,BF,BF,CN,4
turtles,GY,GY,US,4
pythons_reptiles,ID,PT,US,4
pangolin,XX,HK,US,4
pythons_reptiles,VN,TW,US,4
pythons_reptiles,TW,TW,US,4
turtles,XX,DE,XV,4
primates,EC,EC,US,4
owl,XX,CN,US,4
pythons_reptiles,AR,ES,US,4
turtles,EC,EC,US,4
turtles,CN,HK,US,4
leopard,ZM,ZM,US,4
leopard,HK,HK,US,4
monitor_lizard,XX,DE,US,4
birds,XX,DK,US,4
turtles,JP,JP,US,4
lion,XX,BH,AE,4
cheetah,BH,BH,AE,4
amphibians,CA,CA,US,4
shark_ray,PA,PA,US,4
primates,SG,SG,US,4
pythons_reptiles,AU,XX,US,4
sea_fan,MX,XX,US,4
tokay_gecko,VN,MY,US,4
shark_ray,CN,HK,US,4
primates,VN,VN,US,4
lion,BH,BH,AE,4
sea_fan,MV,MV,US,4
elephant,XX,CH,DE,4
turtles,XX,SG,JP,4
shark_ray,VE,US,PE,4
lion,XX,AE,IN,4
primates,GT,GT,DE,4
turtles,GT,GT,DE,4
cheetah,XX,KW,AE,4
shark_ray,XX,US,BZ,4
shark_ray,XX,BZ,US,4
rhino,XX,CZ,ZA,3
lion,XX,NL,ZA,3
pythons_reptiles,US,US,KN,3
pythons_reptiles,US,AW,US,3
pythons_reptiles,US,BR,US,3
pythons_reptiles,US,BS,US,3
pythons_reptiles,US,DO,US,3
pythons_reptiles,US,GP,US,3
pythons_reptiles,US,NO,US,3
pythons_reptiles,XX,PH,US,3
pythons_reptiles,XX,SX,US,3
resins_gums,DO,DO,US,3
resins_gums,JP,JP,US,3
agarwood,VN,CN,US,3
birds,PE,RE,US,3
birds,FR,FR,US,3
owl,XX,CA,US,3
pythons_reptiles,BO,GB,US,3
pythons_reptiles,CO,BE,US,3
pythons_reptiles,CO,CN,US,3
pythons_reptiles,BO,CH,US,3
turtles,XX,JM,US,3
turtles,TO,TO,US,3
turtles,VE,VE,US,3
primates,US,AT,US,3
primates,XX,DE,US,3
pythons_reptiles,XX,US,RU,3
pythons_reptiles,ZA,KR,US,3
pythons_reptiles,MY,CH,US,3
pythons_reptiles,XX,US,QA,3
elephant,XX,ET,US,3
elephant,XX,IE,US,3
elephant,XX,SA,US,3
amphibians,EC,EC,US,3
elephant,XX,IL,US,3
elephant,XX,UG,US,3
primates,US,US,CA,3
turtles,TH,TH,US,3
pythons_reptiles,ID,SE,US,3
pythons_reptiles,MY,HK,US,3
leopard,VN,VN,US,3
primates,XX,LA,US,3
pythons_reptiles,XX,GQ,US,3
leopard,XX,VN,US,3
tiger,XX,JP,US,3
sea_fan,KI,KI,US,3
primates,NG,NG,US,3
pythons_reptiles,XX,UA,US,3
medicinal_plants,XX,TH,US,3
owl,XX,DE,US,3
bear,XX,ID,US,3
monitor_lizard,ID,BR,US,3
monitor_lizard,ID,LU,US,3
monitor_lizard,XX,US,CN,3
monitor_lizard,XX,NG,US,3
birds,XX,CH,DE,3
red_sanders,IN,IN,AE,3
primates,XX,CH,DE,3
primates,ID,KW,ID,3
sea_fan,ID,US,CA,3
sea_fan,AG,AG,US,3
sea_fan,XX,BE,US,3
pythons_reptiles,US,BB,US,3
pythons_reptiles,US,BL,US,3
amphibians,MX,MX,US,3
birds,AR,AR,US,3
pythons_reptiles,CO,AT,US,3
shark_ray,CA,CA,US,3
primates,GB,GB,US,3
rhino,XX,MY,ZA,3
turtles,XX,SG,KR,3
primates,TD,FR,US,3
cacti_succulents,JM,JM,US,3
pythons_reptiles,CN,IT,US,3
pythons_reptiles,TH,HK,US,3
rosewood,XX,US,KR,3
sea_fan,CW,CW,US,3
elephant,XX,KE,US,3
turtles,GD,GD,US,3
sea_fan,AU,US,CA,3
shark_ray,AU,US,TH,3
shark_ray,XX,JP,US,3
primates,AO,AO,ZM,3
turtles,TG,TG,US,3
elephant,XX,US,JP,3
elephant,KE,KE,US,3
primates,CN,DE,US,3
primates,XX,CN,US,3
primates,MG,MG,US,3
musk_deer,XX,XX,US,3
medicinal_plants,CA,US,CN,3
medicinal_plants,US,US,DE,3
medicinal_plants,US,US,TH,3
medicinal_plants,XX,US,TW,3
lion,XX,US,SN,3
tiger,CN,CN,US,3
orchids,CA,CA,US,3
primates,CR,CR,US,3
pythons_reptiles,IT,FR,US,3
bear,HR,HR,US,3
bear,CN,HK,US,3
monitor_lizard,GH,GH,US,3
monitor_lizard,ID,US,JP,3
sea_fan,VN,VN,CN,3
pythons_reptiles,XX,HK,SG,3
rosewood,IN,IN,CA,3
shark_ray,EC,US,EC,3
rhino,SG,SG,ZA,3
bear,RS,RS,DE,3
sea_fan,FR,FR,US,3
birds,XX,CN,US,3
pythons_reptiles,US,US,NZ,3
pythons_reptiles,KR,KR,US,3
sea_fan,KR,KR,US,3
birds,XX,US,ZA,3
turtles,MG,MG,GB,3
sea_fan,IT,IT,US,3
owl,NL,NL,US,3
cacti_succulents,XX,LA,US,3
sea_fan,XX,CH,US,3
sea_fan,JP,TW,US,3
pythons_reptiles,XX,AT,US,3
turtles,BJ,BJ,US,3
rosewood,IN,KR,US,3
cacti_succulents,FR,FR,US,3
birds,US,GB,US,3
elephant,IT,IT,US,3
cacti_succulents,TW,TW,US,3
primates,VN,US,DE,3
primates,US,KR,US,3
primates,XX,TH,US,3
primates,CO,CO,US,3
pangolin,XX,VN,US,3
turtles,KR,KR,US,3
tiger,GB,US,NL,3
primates,LR,LR,US,3
pythons_reptiles,VN,NL,US,3
pythons_reptiles,ID,AE,US,3
rhino,KH,KH,ZA,3
sea_fan,AE,AE,US,3
sea_fan,XX,KR,US,3
sea_fan,TT,TT,US,3
turtles,PE,NL,PE,3
turtles,XX,CH,AT,3
pythons_reptiles,MO,FR,US,3
turtles,XX,DE,XX,3
birds,SV,SV,GT,3
birds,XX,SG,US,3
birds,SG,SG,PT,3
cacti_succulents,XX,US,CN,3
rosewood,BR,US,HK,3
shark_ray,XX,US,CN,3
carnivorous_plants,LK,LK,ZA,3
tiger,XX,US,OM,3
rhino,NA,NA,ZA,3
pythons_reptiles,TH,TH,CH,3
lion,AL,AL,NL,3
pythons_reptiles,VN,US,TW,3
sea_fan,VN,VN,RU,3
sea_fan,VN,VN,MY,3
sea_fan,VN,VN,BH,3
sea_fan,CI,CI,SN,3
birds,FR,FR,XV,3
elephant,SN,SN,CI,3
turtles,CI,CI,SN,3
leopard,CI,CI,SN,3
orchids,EC,EC,ZA,3
shark_ray,SN,SN,CI,3
cacti_succulents,US,US,XX,3
cacti_succulents,CZ,CZ,US,3
pythons_reptiles,BO,ES,US,3
turtles,XX,BE,US,3
pythons_reptiles,TH,CH,US,3
rosewood,XX,KR,US,3
rosewood,BZ,BZ,US,3
shark_ray,PH,PH,US,3
elephant,GH,GH,US,3
pythons_reptiles,IT,JP,US,3
pangolin,XX,BE,US,3
birds,UY,UY,US,3
orchids,NL,ES,US,3
tiger,IN,IN,US,3
tiger,XX,GB,US,3
pythons_reptiles,NL,NL,US,3
medicinal_plants,XX,XX,US,3
sea_fan,XX,FR,US,3
sea_fan,PE,PE,US,3
owl,CU,CU,US,3
owl,AU,AU,US,3
amphibians,VN,VN,US,3
pythons_reptiles,BO,BO,US,3
pythons_reptiles,CO,FR,US,3
rhino,CN,CN,US,3
pythons_reptiles,SG,HK,US,3
orchids,XX,ES,US,3
tokay_gecko,ID,TW,US,3
sea_fan,ID,HK,US,3
primates,VN,ES,US,3
jaguar,BO,BO,US,3
birds,XX,ZA,US,3
sea_fan,FM,MH,US,3
turtles,US,MX,US,3
monitor_lizard,XX,ES,US,3
pythons_reptiles,SN,SN,GH,3
leopard,SN,SN,GH,3
sea_fan,MU,GB,US,3
sea_fan,GB,GB,US,3
pythons_reptiles,BR,US,MX,3
shark_ray,XX,TT,US,3
elephant,ZW,MX,US,3
lion,UA,UA,ZA,3
tiger,XX,MM,US,3
sea_fan,HN,HN,US,3
sea_fan,XX,DO,US,3
sea_fan,AU,TO,US,3
monitor_lizard,XX,VN,US,3
turtles,XX,SG,ID,3
tiger,PL,ES,GB,3
birds,ZA,ZA,AE,3
hornbill,XX,GB,US,3
sea_fan,CL,CL,US,3
sea_fan,XX,DE,US,3
pythons_reptiles,AU,GB,US,3
pythons_reptiles,KE,FR,US,3
pythons_reptiles,MY,TH,US,3
shark_ray,NZ,NZ,US,3
pythons_reptiles,DE,IT,US,3
pythons_reptiles,VN,PA,US,3
musk_deer,PK,PK,US,3
lion,XX,ID,US,3
pythons_reptiles,MX,GT,US,3
rhino,XX,XX,ZA,3
sea_fan,ES,ES,US,3
bear,MX,MX,IN,3
primates,XX,DE,GB,3
pythons_reptiles,US,US,RS,3
pythons_reptiles,US,US,BR,3
turtles,US,CA,US,3
pangolin,MZ,MZ,US,3
carnivorous_plants,MY,MY,US,3
shark_ray,NL,NL,US,3
carnivorous_plants,CZ,CZ,US,3
cheetah,AE,AE,IN,3
medicinal_plants,XX,NL,US,3
primates,CG,CG,IN,3
pythons_reptiles,VN,NL,KR,2
lion,DE,BE,ZA,2
sea_fan,ID,ID,BE,2
bear,ES,ES,US,2
pythons_reptiles,US,US,TH,2
pythons_reptiles,US,US,RU,2
pythons_reptiles,US,CO,US,2
pythons_reptiles,US,IE,US,2
pythons_reptiles,XX,KW,US,2
amphibians,CN,CN,US,2
birds,XX,MX,BR,2
sea_fan,SC,MY,US,2
agarwood,CN,CN,US,2
birds,US,US,NL,2
birds,PE,KW,US,2
owl,DE,DE,US,2
birds,XX,US,BE,2
pythons_reptiles,VE,ES,US,2
pythons_reptiles,VE,GB,US,2
pythons_reptiles,CO,GB,US,2
pythons_reptiles,XX,NI,US,2
pythons_reptiles,PY,CA,US,2
primates,AU,AU,US,2
turtles,XX,GD,US,2
turtles,FM,PW,US,2
turtles,NI,HT,US,2
turtles,XX,AT,US,2
turtles,XX,SV,US,2
turtles,FJ,FJ,US,2
turtles,LC,LC,US,2
pythons_reptiles,ZA,US,IT,2
pythons_reptiles,ZM,KR,US,2
pythons_reptiles,ZW,DE,US,2
pythons_reptiles,ZW,ZM,US,2
pythons_reptiles,PG,KR,US,2
pythons_reptiles,XX,PT,US,2
pythons_reptiles,XX,US,SA,2
pythons_reptiles,XX,HN,US,2
pythons_reptiles,AE,AE,US,2
rosewood,XX,FR,US,2
rosewood,XX,US,TW,2
elephant,XX,PL,US,2
turtles,MG,FR,US,2
turtles,US,US,HU,2
shark_ray,VE,VE,US,2
elephant,XX,EG,US,2
elephant,AO,AO,US,2
primates,MU,US,AE,2
primates,MU,US,TW,2
primates,MU,CH,US,2
primates,XX,SG,MY,2
pythons_reptiles,SG,GR,US,2
turtles,CN,VN,US,2
musk_deer,CN,MY,US,2
musk_deer,XX,IN,US,2
musk_deer,XX,TW,US,2
medicinal_plants,HK,HK,US,2
leopard,ZA,CA,US,2
tiger,XX,TH,US,2
primates,NA,NA,US,2
sea_fan,TW,DK,US,2
sea_fan,XX,MY,US,2
pythons_reptiles,CN,FR,US,2
pythons_reptiles,VN,AE,US,2
pythons_reptiles,XX,BR,US,2
pythons_reptiles,XX,EG,US,2
pythons_reptiles,XX,US,ID,2
rhino,XX,GB,US,2
medicinal_plants,XX,SG,US,2
sea_fan,XX,US,TH,2
sea_fan,XX,US,JP,2
sea_fan,XX,CO,US,2
sea_fan,XX,SG,US,2
turtles,XX,MC,FR,2
turtles,TN,FR,TN,2
bear,XX,GB,US,2
bear,PE,PE,US,2
monitor_lizard,ID,SG,US,2
monitor_lizard,MY,BR,US,2
monitor_lizard,XX,CH,US,2
monitor_lizard,XX,PH,US,2
elephant,US,US,CA,2
primates,XX,ES,GI,2
elephant,XX,AT,CH,2
elephant,XX,AT,MY,2
elephant,XX,NL,KE,2
pythons_reptiles,SG,IT,JP,2
birds,XX,KW,KR,2
pythons_reptiles,US,BM,US,2
turtles,XX,CH,NL,2
monitor_lizard,XX,NO,FR,2
birds,US,US,ID,2
birds,US,US,MY,2
pythons_reptiles,US,US,MY,2
pythons_reptiles,US,US,QA,2
pythons_reptiles,US,US,SG,2
pythons_reptiles,XX,US,GB,2
pythons_reptiles,US,GR,US,2
resins_gums,TH,TH,US,2
birds,US,US,NZ,2
agarwood,XX,US,SN,2
birds,US,US,BE,2
birds,XX,US,CA,2
owl,CN,CN,US,2
cacti_succulents,US,US,NP,2
cacti_succulents,US,CA,US,2
cacti_succulents,CA,CA,US,2
cacti_succulents,XX,KH,US,2
birds,PH,QA,DE,2
turtles,XX,SG,MY,2
rhino,XX,IE,ZA,2
turtles,XX,US,CN,2
turtles,PA,PA,US,2
turtles,XX,AR,US,2
turtles,SR,SR,US,2
primates,US,US,MX,2
sea_fan,XX,AR,US,2
pythons_reptiles,ZW,PT,US,2
pythons_reptiles,TZ,TZ,US,2
orchids,MH,MH,US,2
rhino,US,US,TT,2
carnivorous_plants,ZA,ZA,US,2
birds,AT,AT,US,2
orchids,XX,XX,US,2
turtles,XX,BM,US,2
primates,CG,CG,US,2
turtles,CD,CD,US,2
turtles,BJ,GH,US,2
primates,XX,PT,US,2
elephant,MZ,MZ,US,2
elephant,XX,CM,US,2
elephant,TZ,KE,US,2
elephant,XX,HK,NZ,2
pythons_reptiles,ID,TH,US,2
pythons_reptiles,XX,KW,KP,2
pangolin,XX,TH,US,2
pangolin,XX,US,SN,2
musk_deer,XX,RU,US,2
owl,XX,FR,MC,2
owl,XX,MC,FR,2
orchids,MX,MX,US,2
primates,CM,CA,US,2
medicinal_plants,US,US,CH,2
medicinal_plants,US,US,CO,2
medicinal_plants,US,US,NZ,2
lion,AR,AR,TH,2
lion,ZW,ZW,US,2
lion,KE,KE,US,2
leopard,KE,KE,US,2
tiger,XX,KR,US,2
primates,XX,US,SN,2
sea_fan,TW,HK,US,2
shark_ray,SN,MG,US,2
birds,XX,US,SN,2
birds,KW,KW,US,2
red_sanders,IN,LK,CN,2
pythons_reptiles,VN,BE,US,2
pythons_reptiles,ID,US,IT,2
pythons_reptiles,ID,US,JP,2
pythons_reptiles,XX,MA,US,2
medicinal_plants,XX,US,SN,2
medicinal_plants,VN,VN,US,2
sea_fan,ID,US,CR,2
sea_fan,XX,US,AU,2
sea_fan,PH,KR,US,2
sea_fan,BS,HT,US,2
bear,JP,JP,US,2
orchids,IN,IN,US,2
monitor_lizard,XX,US,SN,2
monitor_lizard,NO,NO,FI,2
birds,SR,NL,SR,2
turtles,VN,VN,CN,2
rhino,XX,NL,ZA,2
sea_fan,VN,VN,TR,2
primates,GT,GT,KN,2
birds,XX,US,DE,2
primates,US,US,FR,2
rhino,IE,IE,ZA,2
rosewood,IN,IN,GB,2
primates,FR,FR,UA,2
medicinal_plants,US,US,VN,2
lion,CO,CO,ZA,2
bear,AL,AL,BG,2
amphibians,NL,NL,US,2
birds,JP,JP,US,2
resins_gums,ZA,ZA,US,2
sea_fan,XX,US,ZA,2
sea_fan,US,AU,US,2
sea_fan,KN,KN,US,2
cacti_succulents,XX,FR,US,2
shark_ray,BS,BS,US,2
primates,TH,TH,US,2
turtles,XX,UY,US,2
turtles,TT,TT,US,2
turtles,GT,GT,US,2
turtles,FR,FR,US,2
primates,DE,DE,US,2
pythons_reptiles,CH,GB,US,2
pythons_reptiles,PH,IT,US,2
pythons_reptiles,PG,PG,US,2
rosewood,XX,DE,US,2
rosewood,BR,DE,US,2
rosewood,XX,ID,US,2
rosewood,IN,CN,US,2
rosewood,XX,HK,US,2
rosewood,TZ,NZ,GB,2
rosewood,BR,CA,US,2
rosewood,XX,US,CA,2
amphibians,US,US,CA,2
elephant,XX,KR,US,2
elephant,IN,GB,US,2
elephant,CA,CA,US,2
orchids,XX,KR,US,2
shark_ray,PT,PT,US,2
primates,MU,US,DE,2
primates,CN,US,CA,2
primates,MU,US,HK,2
primates,VN,US,HK,2
sea_fan,XX,DK,US,2
pangolin,HK,HK,ZA,2
pangolin,TG,TG,US,2
turtles,XX,SG,US,2
musk_deer,CN,JP,US,2
carnivorous_plants,DE,DE,US,2
primates,LA,LA,US,2
orchids,CN,HK,US,2
medicinal_plants,US,CA,US,2
lion,SN,SN,US,2
sea_fan,XX,TH,US,2
pythons_reptiles,TH,GB,US,2
medicinal_plants,IN,FR,US,2
turtles,MA,MA,US,2
bear,CA,US,CA,2
bear,US,MX,US,2
bear,US,US,CN,2
bear,UA,UA,US,2
orchids,FR,EE,US,2
monitor_lizard,ML,CH,US,2
monitor_lizard,XX,BE,US,2
sea_fan,XX,NL,ID,2
primates,MO,FR,ZA,2
primates,XX,NL,MA,2
turtles,LK,LK,DE,2
bear,XX,VN,GB,2
lion,SK,HU,BA,2
primates,KW,KW,GB,2
pythons_reptiles,ID,IT,CH,2
rhino,LS,LS,ZA,2
agarwood,XX,US,OM,2
birds,US,US,MX,2
turtles,MG,MY,MG,2
turtles,XX,SG,GB,2
primates,XX,HK,MY,2
rosewood,XX,US,OM,2
elephant,XX,US,CX,2
cacti_succulents,US,US,AT,2
primates,MY,MY,CN,2
birds,XX,JE,GB,2
primates,SS,SS,ZM,2
medicinal_plants,XX,US,OM,2
lion,ZA,US,CA,2
sea_fan,XX,US,CN,2
sea_fan,XX,US,HK,2
birds,XX,US,OM,2
bear,XX,US,OM,2
bear,RS,RS,CH,2
monitor_lizard,US,US,TT,2
turtles,NL,NL,PE,2
primates,IL,CH,CZ,2
sea_fan,VN,VN,TW,2
sea_fan,VN,VN,RO,2
sea_fan,VN,VN,DE,2
sea_fan,VN,VN,ZA,2
sea_fan,VN,VN,MT,2
sea_fan,VN,VN,HU,2
sea_fan,VN,VN,PK,2
turtles,XX,HK,AT,2
bear,UA,UA,RO,2
birds,XX,BE,PA,2
pythons_reptiles,CI,CI,SN,2
rosewood,SN,SN,CI,2
elephant,XX,SG,CN,2
pangolin,SN,SN,CI,2
hornbill,MY,MY,ID,2
hornbill,ID,PH,ID,2
agarwood,LK,LK,QA,2
pythons_reptiles,MY,MX,AU,2
hornbill,IL,IL,FR,2
monitor_lizard,PH,PH,ID,2
sea_fan,IL,IL,US,2
sea_fan,PA,PA,US,2
pythons_reptiles,AT,AT,US,2
pythons_reptiles,US,QA,US,2
pythons_reptiles,US,LT,US,2
pythons_reptiles,PT,CH,US,2
turtles,XX,ID,US,2
birds,TT,TT,US,2
owl,XX,UA,US,2
orchids,NL,NL,US,2
cacti_succulents,XX,TW,US,2
turtles,MM,MM,HK,2
birds,LC,LC,DE,2
turtles,KI,KI,US,2
turtles,KN,KN,US,2
pythons_reptiles,US,FI,US,2
pythons_reptiles,SE,SE,US,2
rosewood,XX,SG,US,2
turtles,XX,TH,US,2
turtles,XX,CZ,US,2
birds,CN,CN,US,2
shark_ray,XX,TH,US,2
shark_ray,XX,KR,US,2
elephant,XX,CD,US,2
pythons_reptiles,IT,GB,US,2
amphibians,MG,MG,US,2
musk_deer,XX,GB,US,2
leopard,ZW,ZW,US,2
pythons_reptiles,TH,DE,US,2
pythons_reptiles,BJ,BJ,US,2
sea_fan,IN,IN,US,2
sea_fan,XX,AU,US,2
shark_ray,TT,TT,US,2
owl,BR,BR,US,2
monitor_lizard,GB,GB,US,2
sea_fan,SC,SC,US,2
pythons_reptiles,US,PK,US,2
pythons_reptiles,XX,PL,US,2
resins_gums,XX,US,GR,2
sea_fan,CR,CR,US,2
birds,PE,US,XX,2
turtles,XX,HK,FR,2
owl,XX,XX,US,2
birds,AU,CA,US,2
cacti_succulents,XX,NL,US,2
jackal,HR,HR,US,2
turtles,XX,TG,US,2
turtles,KE,KE,US,2
primates,NL,NL,US,2
cacti_succulents,CL,IT,CL,2
pythons_reptiles,XX,RO,US,2
pythons_reptiles,PA,PA,US,2
pythons_reptiles,BZ,BZ,US,2
pythons_reptiles,ZW,US,CA,2
pythons_reptiles,MW,IT,US,2
pythons_reptiles,BW,BW,US,2
rosewood,BR,SE,US,2
orchids,KH,KH,US,2
turtles,CM,CM,US,2
owl,EC,EC,US,2
shark_ray,CU,CU,US,2
elephant,CG,BE,US,2
elephant,XX,LU,US,2
elephant,ZA,FR,US,2
elephant,ZM,ZM,US,2
primates,SK,ES,GB,2
pythons_reptiles,VN,FI,US,2
tiger,XX,US,XX,2
tiger,XX,HK,US,2
shark_ray,XX,CH,PL,2
primates,XX,NL,US,2
birds,XX,CU,US,2
pythons_reptiles,XX,US,MY,2
owl,CZ,CZ,US,2
owl,FR,FR,US,2
bear,KH,KH,US,2
monitor_lizard,TD,CH,US,2
monitor_lizard,IT,IT,US,2
pythons_reptiles,US,DE,CH,2
birds,US,US,PA,2
sea_fan,SN,SN,CI,2
birds,ZA,LB,BH,2
primates,EC,EC,CO,2
hornbill,XX,AE,CZ,2
pythons_reptiles,SN,SN,CI,2
turtles,SN,SN,GH,2
elephant,XX,DE,CH,2
pangolin,XX,HK,SG,2
lion,SN,SN,CI,2
sea_fan,ID,DE,CH,2
bear,AL,AL,AT,2
bear,UA,UA,DE,2
pythons_reptiles,US,ID,US,2
pythons_reptiles,US,UA,US,2
birds,CZ,NL,ID,2
pythons_reptiles,XX,CZ,US,2
primates,IE,IE,US,2
primates,JP,GB,US,2
rosewood,LK,LK,SG,2
tokay_gecko,XX,HK,US,2
tokay_gecko,ID,ID,US,2
primates,CN,AU,US,2
amphibians,CO,CO,US,2
pythons_reptiles,XX,TG,US,2
medicinal_plants,US,CH,US,2
tiger,XX,ID,US,2
bear,RU,BE,GB,2
monitor_lizard,CM,CH,US,2
monitor_lizard,ID,AT,US,2
birds,XX,SG,AU,2
pythons_reptiles,XX,BH,AE,2
amphibians,XX,BE,US,2
sea_fan,TG,TG,US,2
agarwood,XX,SG,US,2
sea_fan,US,US,XX,2
owl,PE,PE,US,2
cacti_succulents,US,US,CA,2
cacti_succulents,US,US,GB,2
pythons_reptiles,CO,VN,US,2
turtles,SO,SO,US,2
primates,US,SG,US,2
pythons_reptiles,ZM,ZM,US,2
pythons_reptiles,ZA,AU,US,2
pythons_reptiles,TH,CA,US,2
orchids,SG,SG,US,2
elephant,AU,AU,US,2
elephant,AE,AE,US,2
tokay_gecko,XX,VN,US,2
tokay_gecko,TH,TH,US,2
shark_ray,XX,SK,US,2
shark_ray,MX,US,CA,2
shark_ray,XX,NI,US,2
elephant,DE,DE,US,2
elephant,MZ,DO,US,2
elephant,ZW,GB,US,2
elephant,DE,DE,CH,2
primates,ID,CA,US,2
primates,US,CA,US,2
primates,VN,CH,US,2
primates,MR,CA,US,2
primates,XX,TW,US,2
pythons_reptiles,MY,SG,US,2
bear,IN,GB,US,2
musk_deer,XX,SG,US,2
musk_deer,XX,PK,US,2
owl,XX,ID,US,2
owl,ID,ID,US,2
lion,CU,CU,US,2
tiger,AR,AR,JO,2
tiger,AU,AU,US,2
primates,ZM,ZM,US,2
orchids,XX,MY,US,2
birds,XX,NG,US,2
pythons_reptiles,BH,BH,AE,2
pythons_reptiles,NL,IT,US,2
pythons_reptiles,XX,LB,US,2
pythons_reptiles,LA,LA,US,2
primates,PE,PE,CN,2
sea_fan,BB,BB,US,2
sea_fan,XX,PF,US,2
sea_fan,AU,HK,US,2
owl,XX,PL,US,2
owl,CO,CO,US,2
owl,EE,EE,US,2
monitor_lizard,SD,IT,US,2
monitor_lizard,CM,DE,US,2
monitor_lizard,MY,HK,US,2
monitor_lizard,CA,CA,US,2
monitor_lizard,TH,CA,US,2
pythons_reptiles,US,CH,DE,2
birds,US,DE,US,2
turtles,XX,DE,CH,2
leopard,XX,CH,DE,2
sea_fan,ID,CH,DE,2
turtles,XX,DE,US,2
sea_fan,VN,SG,US,2
pythons_reptiles,US,GE,US,2
pythons_reptiles,US,SK,US,2
pythons_reptiles,XX,US,MX,2
resins_gums,ID,ID,US,2
birds,BO,BO,US,2
sea_fan,LB,LB,US,2
sea_fan,XX,SA,US,2
sea_fan,MX,US,XX,2
cacti_succulents,CY,CY,US,2
turtles,AR,AR,BR,2
rosewood,IN,JP,US,2
rosewood,MZ,GB,US,2
shark_ray,XX,CO,US,2
turtles,TW,TW,US,2
carnivorous_plants,TW,TW,US,2
lion,CM,CM,US,2
jaguar,CO,CO,US,2
birds,GB,CH,US,2
red_sanders,XX,AE,CN,2
owl,XX,EE,US,2
bear,ID,SG,US,2
primates,XX,NL,ZA,2
pythons_reptiles,GT,GT,DE,2
turtles,HR,HR,RS,2
primates,AE,AE,IN,2
primates,XX,JO,SD,2
bear,UA,UA,AT,2
turtles,JP,US,JP,2
lion,XX,FR,ZA,2
lion,MX,MX,US,2
leopard,XX,CA,FR,2
leopard,XX,BE,ZA,2
shark_ray,HS,HS,PT,2
sea_fan,XX,US,BZ,2
sea_fan,XX,BZ,US,2
birds,BE,US,GB,2
birds,US,US,BZ,2
birds,US,BZ,US,2
birds,XX,US,BZ,2
birds,XX,BZ,US,2
turtles,MG,TH,MG,2
turtles,NO,NO,DK,2
primates,MG,TH,MG,2
shark_ray,XX,US,TZ,2
shark_ray,XX,TZ,US,2
primates,TW,GB,US,2
bear,AZ,AZ,GB,2
birds,XX,CH,CZ,1
birds,XX,CZ,BR,1
birds,BR,PT,BR,1
agarwood,KH,DE,CN,1
agarwood,MY,DE,CN,1
pythons_reptiles,GY,NL,GY,1
rosewood,MX,DE,CN,1
rosewood,GT,DE,CN,1
primates,SK,RS,ES,1
lion,ES,ES,US,1
birds,AO,AO,TN,1
red_sanders,IN,DE,CN,1
turtles,FR,FR,TN,1
bear,AL,AL,GR,1
monitor_lizard,MY,NL,AU,1
hornbill,CM,CM,US,1
cheetah,XX,US,FR,1
amphibians,NI,US,IS,1
pythons_reptiles,US,CH,FR,1
pythons_reptiles,US,US,SX,1
pythons_reptiles,US,KY,US,1
pythons_reptiles,US,PE,US,1
pythons_reptiles,US,RU,US,1
pythons_reptiles,XX,MN,US,1
pythons_reptiles,XX,NO,US,1
resins_gums,XX,US,HK,1
resins_gums,XX,TG,US,1
birds,XX,PA,US,1
birds,PA,PA,US,1
birds,SV,SV,US,1
agarwood,TH,TH,US,1
agarwood,XX,TH,US,1
birds,XX,TH,US,1
owl,XX,HU,US,1
turtles,MG,FR,MG,1
owl,AR,AR,US,1
owl,XX,HN,US,1
pythons_reptiles,XX,EC,US,1
pythons_reptiles,XX,TT,US,1
pythons_reptiles,CO,US,BE,1
pythons_reptiles,CO,AE,US,1
pythons_reptiles,BO,FR,CH,1
pythons_reptiles,AR,GB,US,1
turtles,KM,MY,US,1
turtles,DM,DM,US,1
turtles,PH,KR,US,1
turtles,XX,SB,US,1
turtles,JM,JM,US,1
primates,JP,NL,US,1
pythons_reptiles,XX,US,AZ,1
pythons_reptiles,XX,PG,US,1
pythons_reptiles,ZA,US,CA,1
pythons_reptiles,ZW,US,FR,1
pythons_reptiles,ZW,US,MY,1
pythons_reptiles,NA,BE,US,1
pythons_reptiles,XX,SD,US,1
pythons_reptiles,ZA,MY,US,1
pythons_reptiles,ZM,ES,US,1
pythons_reptiles,ZW,BE,US,1
pythons_reptiles,ZW,HK,US,1
pythons_reptiles,ZW,IN,US,1
pythons_reptiles,ZW,JP,US,1
pythons_reptiles,ZW,TH,US,1
pythons_reptiles,MZ,MZ,US,1
pythons_reptiles,AU,US,CN,1
pythons_reptiles,PG,SG,US,1
pythons_reptiles,PH,GB,US,1
pythons_reptiles,TH,VN,US,1
pythons_reptiles,XX,BS,US,1
pythons_reptiles,XX,FM,US,1
cycads,DO,DO,US,1
cycads,CN,CN,US,1
cacti_succulents,US,JP,US,1
rosewood,MX,MX,US,1
amphibians,FR,FR,US,1
rhino,ET,US,CA,1
elephant,XX,US,IE,1
elephant,XX,US,VN,1
elephant,XX,US,TR,1
elephant,XX,US,AU,1
elephant,XX,CI,US,1
elephant,XX,CL,US,1
elephant,XX,CR,US,1
elephant,XX,MY,US,1
turtles,XX,NG,US,1
shark_ray,VN,HK,US,1
shark_ray,XX,HN,US,1
shark_ray,XX,MY,US,1
shark_ray,XX,PH,US,1
shark_ray,MX,US,MX,1
shark_ray,CR,MX,US,1
shark_ray,CR,PW,US,1
shark_ray,XX,CR,US,1
birds,XX,ID,US,1
elephant,BW,ZA,US,1
elephant,TZ,SA,US,1
primates,CN,US,DE,1
primates,XX,JP,US,1
primates,CZ,CZ,US,1
pythons_reptiles,MY,CN,US,1
pythons_reptiles,LA,DE,US,1
pythons_reptiles,LA,LB,US,1
pangolin,CN,VN,US,1
pangolin,ID,ID,US,1
turtles,XX,MM,US,1
turtles,HK,VN,US,1
musk_deer,CN,US,CN,1
musk_deer,XX,MX,US,1
musk_deer,XX,TH,US,1
amphibians,PA,US,IS,1
primates,XX,UG,US,1
medicinal_plants,CA,US,SG,1
medicinal_plants,US,US,DK,1
medicinal_plants,US,US,IT,1
medicinal_plants,US,US,MY,1
lion,ZA,ET,US,1
jaguar,XX,GT,US,1
leopard,XX,CH,US,1
leopard,XX,ZA,US,1
tiger,XX,US,CN,1
tiger,CN,JP,US,1
tiger,CN,MY,US,1
tiger,IN,AE,US,1
tiger,XX,AE,US,1
tiger,XX,AU,US,1
tiger,XX,TW,US,1
primates,MZ,ZA,US,1
orchids,CR,CR,US,1
amphibians,XX,FR,US,1
birds,US,EC,US,1
sea_fan,TW,GB,US,1
sea_fan,XX,US,PL,1
birds,XX,GT,US,1
birds,XX,EC,US,1
birds,ZA,AE,US,1
pythons_reptiles,XX,US,BM,1
pythons_reptiles,XX,BH,US,1
pythons_reptiles,CM,BE,US,1
pythons_reptiles,TH,SG,US,1
pythons_reptiles,XX,QA,US,1
pythons_reptiles,XX,US,KZ,1
rhino,XX,AE,US,1
rhino,XX,AU,US,1
primates,GY,CA,US,1
carnivorous_plants,GB,GB,US,1
medicinal_plants,CN,FR,US,1
medicinal_plants,XX,JP,US,1
medicinal_plants,SG,SG,US,1
sea_fan,XX,US,FR,1
sea_fan,US,US,CA,1
sea_fan,XX,BL,US,1
orchids,US,US,FR,1
turtles,ET,MY,US,1
owl,TH,TH,US,1
turtles,UZ,UZ,DE,1
owl,DK,DK,US,1
bear,XX,US,GB,1
bear,CA,US,CO,1
bear,XX,MN,US,1
bear,US,US,DE,1
bear,CA,MX,US,1
bear,XX,MM,US,1
monitor_lizard,TZ,TZ,US,1
monitor_lizard,XX,ZA,US,1
monitor_lizard,ML,IT,US,1
monitor_lizard,TD,CA,US,1
monitor_lizard,TD,IT,US,1
monitor_lizard,ID,US,KR,1
monitor_lizard,XX,MM,US,1
monitor_lizard,XX,US,IT,1
monitor_lizard,XX,US,KZ,1
monitor_lizard,XX,CO,US,1
monitor_lizard,XX,GQ,US,1
monitor_lizard,XX,SX,US,1
monitor_lizard,XX,TG,US,1
monitor_lizard,MM,MM,US,1
monitor_lizard,PG,PG,US,1
rhino,ZA,CA,ZA,1
shark_ray,MX,CA,US,1
red_sanders,XX,IN,CN,1
pythons_reptiles,CN,CN,JP,1
pythons_reptiles,PE,RU,KZ,1
rhino,SK,SK,ZA,1
rhino,XX,SK,ZA,1
cycads,ZA,ZA,NA,1
cycads,NZ,NZ,ZA,1
birds,DE,DE,TR,1
elephant,VN,VN,ZA,1
elephant,XX,AT,VN,1
orchids,TH,TL,FR,1
primates,ZM,ZM,SE,1
lion,XX,KW,KR,1
amphibians,XX,JE,GB,1
red_sanders,XX,DE,SG,1
pythons_reptiles,XX,KW,KR,1
sea_fan,VN,VN,ES,1
sea_fan,VN,VN,SA,1
sea_fan,VN,VN,NO,1
monitor_lizard,XX,NO,FI,1
cheetah,KE,KE,US,1
sea_fan,FJ,US,CR,1
pythons_reptiles,US,US,AU,1
pythons_reptiles,US,US,AW,1
pythons_reptiles,US,US,LC,1
pythons_reptiles,US,US,VN,1
pythons_reptiles,US,AG,US,1
pythons_reptiles,US,CR,US,1
resins_gums,AU,AU,US,1
resins_gums,BR,BR,US,1
birds,XX,VE,US,1
agarwood,VN,VN,US,1
birds,BZ,BR,US,1
birds,US,KN,US,1
birds,LR,LR,US,1
birds,XX,US,JP,1
turtles,MG,KM,MG,1
owl,MN,MN,US,1
owl,XX,UY,US,1
cacti_succulents,SX,SX,US,1
cacti_succulents,KH,KH,US,1
pythons_reptiles,CO,IS,US,1
pythons_reptiles,PY,BO,US,1
pythons_reptiles,BO,MX,US,1
jackal,ET,ET,US,1
jackal,GE,GE,US,1
turtles,HS,HS,MC,1
turtles,CU,JM,US,1
turtles,TR,TR,US,1
turtles,BB,BB,TT,1
primates,XX,CH,US,1
primates,XX,IN,US,1
primates,TZ,US,BE,1
primates,CM,BE,US,1
primates,TZ,BE,US,1
primates,XX,US,NO,1
sea_fan,JP,IN,US,1
pythons_reptiles,ZW,MX,US,1
pythons_reptiles,XX,ZM,US,1
pythons_reptiles,ZW,IE,US,1
pythons_reptiles,KE,KE,US,1
pythons_reptiles,ZA,JP,US,1
pythons_reptiles,PG,LU,US,1
pythons_reptiles,PG,CA,US,1
pythons_reptiles,AU,NZ,US,1
pythons_reptiles,TH,FR,TR,1
pythons_reptiles,CD,BE,US,1
turtles,ID,US,NL,1
rosewood,BR,US,TW,1
rosewood,MY,MY,AE,1
rosewood,HN,NI,US,1
amphibians,XX,US,CN,1
orchids,MO,MO,US,1
sea_fan,AU,US,CL,1
elephant,XX,US,MX,1
elephant,XX,RS,US,1
elephant,XX,SL,US,1
elephant,XX,BH,US,1
elephant,XX,TW,US,1
elephant,CN,LA,US,1
turtles,ET,ET,US,1
turtles,VG,VG,US,1
turtles,PF,FR,US,1
cacti_succulents,ZA,ZA,JP,1
sea_fan,TR,RS,US,1
birds,VE,VE,US,1
sea_fan,AU,AU,BE,1
orchids,XX,AU,US,1
turtles,IN,MY,US,1
shark_ray,NC,US,TH,1
primates,CD,BE,US,1
elephant,NA,US,KR,1
elephant,TZ,US,TZ,1
elephant,CM,CD,US,1
elephant,ZW,NG,US,1
elephant,XX,DK,US,1
primates,ID,US,JP,1
primates,XX,IL,US,1
primates,CN,DK,US,1
primates,CN,CH,US,1
primates,US,US,AU,1
primates,XX,US,IT,1
primates,BD,BD,US,1
primates,XX,IT,US,1
turtles,US,US,CN,1
pythons_reptiles,ID,US,GB,1
pythons_reptiles,MY,US,CA,1
pythons_reptiles,VN,KW,US,1
pangolin,XX,CA,US,1
pangolin,NG,GB,US,1
turtles,CN,LA,US,1
owl,US,US,RU,1
musk_deer,NP,BH,US,1
musk_deer,RU,KR,US,1
musk_deer,XX,CA,US,1
musk_deer,XX,US,CN,1
musk_deer,ID,ID,US,1
musk_deer,CN,TH,US,1
birds,PY,PY,US,1
medicinal_plants,NP,NP,US,1
carnivorous_plants,HK,HK,US,1
orchids,NZ,MY,US,1
orchids,TW,TW,JP,1
pythons_reptiles,CD,CD,US,1
primates,ZA,ZA,TT,1
primates,US,US,TT,1
medicinal_plants,CA,US,HK,1
medicinal_plants,US,US,NL,1
medicinal_plants,US,US,SG,1
medicinal_plants,US,US,ZA,1
lion,MZ,MZ,US,1
jaguar,XX,IT,US,1
leopard,ID,CA,US,1
leopard,MZ,ZA,US,1
tiger,CN,CA,US,1
orchids,NL,NL,AE,1
sea_fan,TW,JP,US,1
primates,XX,DK,US,1
shark_ray,MG,MG,US,1
shark_ray,GM,MG,US,1
birds,CU,MX,US,1
birds,IL,US,IL,1
birds,XX,US,HK,1
birds,PK,PK,US,1
birds,CG,CG,US,1
birds,ZA,KW,IR,1
red_sanders,IN,SG,DE,1
pythons_reptiles,ID,KW,US,1
pythons_reptiles,RU,US,GB,1
pythons_reptiles,NA,PT,US,1
pythons_reptiles,XX,SV,US,1
pythons_reptiles,HU,HU,US,1
pythons_reptiles,GP,GP,US,1
pythons_reptiles,CN,GB,US,1
pythons_reptiles,CN,SG,US,1
rhino,ZW,ZA,US,1
rhino,ID,ID,US,1
carnivorous_plants,FR,FR,US,1
medicinal_plants,MY,MY,US,1
sea_fan,PH,DE,US,1
sea_fan,MM,TH,US,1
sea_fan,GH,GH,US,1
sea_fan,XX,GD,US,1
sea_fan,VN,VN,HK,1
bear,US,US,AT,1
bear,US,US,SA,1
bear,XX,US,NO,1
bear,XX,AL,US,1
bear,FI,DK,US,1
bear,XX,AU,US,1
monitor_lizard,SG,IT,US,1
monitor_lizard,XX,US,PL,1
monitor_lizard,XX,US,RU,1
monitor_lizard,XX,MY,US,1
monitor_lizard,XX,BR,US,1
pythons_reptiles,US,CH,NL,1
eels,CN,CA,US,1
bulbs_ornamental,TR,NL,CA,1
turtles,XX,NL,CH,1
elephant,AT,AT,VN,1
elephant,XX,AT,CA,1
elephant,XX,AT,IL,1
pythons_reptiles,VN,NL,MO,1
pangolin,NG,NL,CH,1
orchids,XX,CH,NL,1
sea_fan,VN,VN,NL,1
sea_fan,VN,VN,GR,1
sea_fan,VN,VN,BG,1
bear,XX,AL,GR,1
birds,XX,DE,SG,1
pythons_reptiles,ZA,AT,JP,1
rosewood,IN,IN,VN,1
rosewood,IN,IN,BG,1
rosewood,IN,IN,TR,1
rosewood,IN,IN,PT,1
rosewood,IN,IN,FR,1
rosewood,IN,IN,TH,1
rosewood,IN,IN,AU,1
shark_ray,US,US,CN,1
pythons_reptiles,ID,IT,BR,1
pythons_reptiles,ID,IT,CN,1
medicinal_plants,US,US,IE,1
medicinal_plants,US,US,ID,1
medicinal_plants,XX,US,ZA,1
medicinal_plants,XX,US,CA,1
lion,FR,BE,ZA,1
tiger,UA,LB,FR,1
red_sanders,IN,IN,US,1
red_sanders,IN,SG,AE,1
red_sanders,IN,SG,US,1
rhino,AT,GB,ZA,1
rhino,UG,UG,ZA,1
sea_fan,ID,VN,CY,1
sea_fan,XX,ES,US,1
birds,IT,IT,US,1
pythons_reptiles,US,US,VG,1
pythons_reptiles,US,US,BL,1
pythons_reptiles,XX,US,KR,1
pythons_reptiles,US,US,DK,1
pythons_reptiles,US,US,SE,1
pythons_reptiles,CH,HK,US,1
pythons_reptiles,US,SV,US,1
pythons_reptiles,CH,CA,US,1
pythons_reptiles,CH,BB,US,1
pythons_reptiles,XX,HU,US,1
pythons_reptiles,DE,US,HK,1
pythons_reptiles,XX,RU,US,1
amphibians,HK,HK,US,1
shark_ray,XX,US,GB,1
birds,PW,PE,US,1
birds,PE,ES,US,1
birds,SA,SA,US,1
cacti_succulents,US,US,CR,1
pythons_reptiles,VE,PK,US,1
pythons_reptiles,TT,TT,US,1
jackal,RO,RO,US,1
turtles,US,US,CZ,1
rhino,SZ,SZ,ZA,1
rhino,ZA,ZA,SZ,1
primates,XX,CM,US,1
turtles,XX,US,TW,1
turtles,XX,AW,US,1
turtles,US,GB,US,1
primates,SN,BE,US,1
primates,XX,US,GB,1
pythons_reptiles,SG,CN,US,1
pythons_reptiles,PE,PF,US,1
pythons_reptiles,ZW,US,CN,1
pythons_reptiles,TZ,US,IT,1
pythons_reptiles,MW,MW,US,1
pythons_reptiles,ZW,DK,US,1
pythons_reptiles,ZA,DK,US,1
pythons_reptiles,SS,SS,US,1
pythons_reptiles,ZW,ES,US,1
pythons_reptiles,SD,XX,US,1
pythons_reptiles,AU,US,FR,1
pythons_reptiles,AU,PA,US,1
pythons_reptiles,MG,MG,US,1
pythons_reptiles,XX,GP,US,1
pythons_reptiles,DE,SG,US,1
pythons_reptiles,FR,TH,US,1
pythons_reptiles,SE,CA,US,1
pythons_reptiles,CC,JP,US,1
rosewood,XX,US,ZA,1
rosewood,BR,GB,US,1
rosewood,XX,US,VN,1
rosewood,XX,NI,US,1
rosewood,XX,PH,US,1
rosewood,HN,US,CN,1
rhino,DK,DK,US,1
carnivorous_plants,NL,NL,US,1
carnivorous_plants,KR,KR,US,1
elephant,XX,US,RU,1
elephant,XX,BL,US,1
elephant,XX,PT,US,1
elephant,XX,PE,US,1
elephant,HK,HK,US,1
cacti_succulents,TZ,TZ,US,1
cacti_succulents,IN,IN,US,1
orchids,XX,MN,US,1
primates,JE,GB,US,1
sea_fan,IT,GB,US,1
shark_ray,XX,US,ZA,1
shark_ray,CN,CH,US,1
shark_ray,FR,FR,US,1
shark_ray,AU,CA,US,1
turtles,TG,GH,US,1
elephant,ZA,US,CA,1
elephant,XX,US,TH,1
elephant,SD,XX,US,1
elephant,SD,SD,US,1
elephant,SS,SS,US,1
elephant,ZA,NZ,ZA,1
elephant,NZ,NZ,ZA,1
primates,VN,US,CN,1
primates,VN,US,FR,1
primates,MU,US,FR,1
primates,VN,US,RU,1
primates,VN,US,PH,1
primates,CN,US,DK,1
primates,VN,US,ER,1
primates,VN,US,IN,1
primates,MU,US,CW,1
primates,MU,US,RU,1
primates,MU,US,CN,1
primates,MU,US,MY,1
primates,IT,IT,US,1
primates,XX,PH,US,1
pythons_reptiles,ID,US,VN,1
pythons_reptiles,VN,CO,US,1
pythons_reptiles,IT,SE,US,1
pythons_reptiles,ID,XX,US,1
pythons_reptiles,VN,EE,US,1
pythons_reptiles,VN,SE,US,1
pythons_reptiles,ID,LV,US,1
pythons_reptiles,ID,AU,US,1
pythons_reptiles,FR,GB,US,1
pangolin,FR,FR,US,1
pangolin,KH,KH,US,1
pangolin,XX,XX,US,1
pangolin,NG,NG,US,1
turtles,CN,XX,US,1
musk_deer,XX,US,TW,1
musk_deer,XX,US,ZA,1
musk_deer,CN,XX,US,1
musk_deer,IN,IN,US,1
leopard,AE,AE,GB,1
carnivorous_plants,CN,CN,US,1
primates,NO,NO,RU,1
cacti_succulents,XX,US,GB,1
medicinal_plants,CA,HK,US,1
lion,XX,EC,US,1
jaguar,XX,US,ZA,1
jaguar,PE,CO,US,1
leopard,DE,US,NL,1
leopard,XX,US,CN,1
leopard,XX,BL,US,1
tiger,XX,US,ZA,1
tiger,CN,VN,US,1
tiger,XX,IE,US,1
tiger,XX,SA,US,1
tiger,XX,MN,US,1
primates,KE,GB,US,1
sea_fan,IT,US,AE,1
sea_fan,IT,DK,US,1
birds,XX,AR,BR,1
birds,XX,US,GB,1
birds,US,US,XX,1
birds,US,TR,US,1
birds,US,XX,US,1
red_sanders,LK,LK,CN,1
red_sanders,IN,SG,HK,1
pythons_reptiles,MM,FR,US,1
pythons_reptiles,ID,US,TH,1
pythons_reptiles,US,KW,US,1
pythons_reptiles,XX,US,SE,1
pythons_reptiles,XX,US,TW,1
pythons_reptiles,BL,BL,US,1
pythons_reptiles,TH,BE,US,1
rhino,XX,US,ZA,1
rhino,XX,HK,ZA,1
rhino,TZ,TZ,ZA,1
sea_fan,US,US,GB,1
sea_fan,US,US,DE,1
shark_ray,PA,HK,US,1
sea_fan,CN,TH,US,1
bear,US,US,FR,1
bear,US,US,IT,1
bear,XX,US,AU,1
bear,CA,AU,US,1
bear,CA,GB,US,1
bear,US,US,PH,1
bear,NO,NO,US,1
bear,DK,DK,US,1
bear,XX,US,ZA,1
bear,RU,GT,US,1
bear,TH,KR,US,1
monitor_lizard,ML,US,FR,1
monitor_lizard,FR,GB,US,1
monitor_lizard,TG,IT,US,1
monitor_lizard,IT,US,FR,1
monitor_lizard,MY,NL,US,1
monitor_lizard,SO,SB,US,1
monitor_lizard,XX,US,TW,1
monitor_lizard,CN,FR,US,1
monitor_lizard,FR,JP,US,1
pythons_reptiles,MO,FR,CH,1
rhino,ZA,PL,ZA,1
turtles,XX,NL,ID,1
pythons_reptiles,XX,NL,ID,1
pythons_reptiles,AU,AU,FI,1
rosewood,MG,MU,MG,1
rosewood,US,US,FI,1
orchids,CN,CN,FI,1
elephant,GA,GA,MT,1
pangolin,XX,NL,CH,1
primates,SS,ZM,AO,1
primates,XX,TH,GB,1
primates,XX,TR,GB,1
lion,XX,BE,ZA,1
lion,XX,ES,ZA,1
shark_ray,XX,NL,ID,1
birds,XX,ZA,DE,1
rhino,XX,VN,ZA,1
sea_fan,XX,VN,CY,1
sea_fan,ID,ID,GB,1
monitor_lizard,XX,CH,CZ,1
cheetah,XX,US,OM,1
birds,AU,US,FR,1
birds,XX,SG,NL,1
turtles,CN,JE,GB,1
owl,CA,US,CA,1
pythons_reptiles,XX,US,XX,1
pythons_reptiles,CO,US,IT,1
pythons_reptiles,XX,US,DE,1
turtles,GN,GN,SN,1
turtles,US,US,DE,1
primates,XX,US,SE,1
pythons_reptiles,ZW,US,MX,1
pythons_reptiles,CH,US,GB,1
rosewood,HN,US,HK,1
orchids,TH,GP,FR,1
elephant,GB,GB,HK,1
primates,NL,NL,MA,1
shark_ray,VE,US,VE,1
elephant,HK,HK,MY,1
elephant,PL,US,PT,1
elephant,XX,US,GB,1
primates,KH,US,CA,1
primates,MU,US,NL,1
primates,MU,US,SG,1
pythons_reptiles,BR,US,BR,1
pythons_reptiles,ID,US,MX,1
bear,IN,NP,IN,1
carnivorous_plants,LK,LK,TH,1
carnivorous_plants,LK,LK,HK,1
primates,TH,TH,GB,1
primates,ZM,ZM,NL,1
medicinal_plants,HK,US,HK,1
medicinal_plants,US,US,BZ,1
medicinal_plants,US,US,MN,1
medicinal_plants,XX,US,CH,1
jaguar,XX,US,OM,1
tiger,XX,US,VN,1
sea_fan,CN,US,HK,1
red_sanders,IN,CN,JP,1
pythons_reptiles,LA,US,MX,1
rhino,ZA,MY,ZA,1
rhino,XX,US,OM,1
rhino,XX,US,CA,1
sea_fan,US,US,JM,1
sea_fan,VN,US,SA,1
sea_fan,US,US,KR,1
shark_ray,XX,US,AU,1
turtles,UZ,UZ,IT,1
monitor_lizard,MY,US,CN,1
monitor_lizard,XX,US,XX,1
pythons_reptiles,US,US,TW,1
pythons_reptiles,XX,FR,CH,1
elephant,US,US,TW,1
primates,XX,IL,IN,1
leopard,XX,SN,ZA,1
tiger,MY,MY,ZA,1
birds,XX,DE,BR,1
rhino,PL,PL,ZA,1
medicinal_plants,CN,TW,CH,1
sea_fan,VN,VN,IL,1
sea_fan,VN,VN,SG,1
sea_fan,VN,VN,UA,1
pythons_reptiles,US,HK,FR,1
resins_gums,LS,LS,ZA,1
agarwood,CI,CI,SN,1
turtles,MO,FR,XV,1
turtles,XX,HK,SG,1
rosewood,CI,CI,SN,1
elephant,CI,CI,SN,1
turtles,JP,HK,JP,1
pythons_reptiles,TH,IT,LB,1
pythons_reptiles,TH,IT,AE,1
pythons_reptiles,TH,MX,DE,1
pangolin,CI,CI,SN,1
pythons_reptiles,MO,FR,XV,1
leopard,SN,SN,ZA,1
primates,CI,CI,SN,1
pythons_reptiles,MO,HK,FR,1
bear,EC,EC,US,1
monitor_lizard,XX,DK,CH,1
monitor_lizard,CI,CI,SN,1
rosewood,ES,NZ,ES,1
rhino,MW,MW,ZA,1
turtles,HK,HK,VN,1
birds,CD,DE,CD,1
bear,PH,PH,US,1
birds,XX,CZ,US,1
rhino,ZA,ZA,NA,1
elephant,XX,HK,SG,1
hornbill,PH,PH,ID,1
turtles,FR,FR,XV,1
cheetah,SG,US,ZA,1
birds,XX,MT,US,1
pythons_reptiles,US,SA,US,1
pythons_reptiles,CH,PL,US,1
pythons_reptiles,FR,AT,US,1
pythons_reptiles,FR,IT,US,1
resins_gums,KR,KR,US,1
birds,XX,ES,US,1
agarwood,VN,CA,US,1
birds,BB,BB,US,1
birds,TH,TH,US,1
hornbill,XX,CA,US,1
cacti_succulents,PL,PL,US,1
cacti_succulents,SK,SK,US,1
pythons_reptiles,FR,HK,US,1
pythons_reptiles,CO,KE,US,1
pythons_reptiles,VN,KR,US,1
pythons_reptiles,CO,KR,US,1
pythons_reptiles,CO,CA,US,1
jackal,IN,GB,US,1
jackal,TZ,TZ,US,1
turtles,PT,PT,US,1
rosewood,XX,CA,NL,1
shark_ray,WS,WS,US,1
lion,CA,CA,US,1
leopard,DE,DE,BT,1
tiger,DE,DE,BT,1
red_sanders,IN,MY,CN,1
bear,XX,AL,CH,1
monitor_lizard,HK,HK,MY,1
birds,XX,SG,DE,1
turtles,HK,HK,AU,1
pythons_reptiles,SG,ES,US,1
primates,GH,GH,US,1
turtles,FM,FR,US,1
turtles,CV,CV,US,1
turtles,FM,MH,US,1
turtles,XX,BO,US,1
primates,FR,CA,US,1
primates,VG,KN,US,1
pythons_reptiles,VN,VE,US,1
pythons_reptiles,ZA,HU,US,1
pythons_reptiles,MZ,ZW,US,1
pythons_reptiles,PH,FR,US,1
pythons_reptiles,AU,KR,US,1
pythons_reptiles,ID,NI,US,1
pythons_reptiles,XX,IL,US,1
pythons_reptiles,ID,AT,US,1
pythons_reptiles,EE,EE,US,1
pythons_reptiles,EC,EC,US,1
rosewood,NL,NL,US,1
rosewood,XX,CZ,US,1
rosewood,IN,PK,US,1
sea_fan,GD,GD,US,1
sea_fan,MF,MF,US,1
elephant,XX,IR,US,1
elephant,BE,BE,US,1
elephant,XX,DE,CA,1
elephant,IL,CA,US,1
elephant,MM,CA,US,1
elephant,TH,CA,US,1
turtles,DE,FR,US,1
turtles,DE,DE,US,1
primates,CM,FR,US,1
cacti_succulents,XX,ID,US,1
cacti_succulents,GB,GB,US,1
turtles,US,NG,US,1
shark_ray,XX,ES,US,1
shark_ray,SG,SG,US,1
shark_ray,XX,CH,US,1
elephant,XX,IN,US,1
elephant,ES,ES,US,1
primates,MU,ES,US,1
primates,CH,CH,US,1
primates,QA,QA,US,1
sea_fan,CN,PF,US,1
pythons_reptiles,VN,LB,US,1
pythons_reptiles,ID,LU,US,1
pythons_reptiles,TH,ES,US,1
pangolin,LA,LA,US,1
pangolin,TH,TH,US,1
sea_fan,GR,GR,US,1
musk_deer,CN,FR,US,1
musk_deer,CN,SG,US,1
carnivorous_plants,FM,FM,US,1
orchids,BR,BR,US,1
cacti_succulents,US,CN,US,1
orchids,PA,PA,US,1
orchids,XX,BN,US,1
orchids,CU,CU,US,1
tiger,XX,DO,US,1
tiger,TH,AU,US,1
sea_fan,JP,TH,US,1
sea_fan,XX,GH,US,1
primates,CO,CG,US,1
shark_ray,HS,IT,US,1
red_sanders,XX,ID,US,1
pythons_reptiles,PY,GB,US,1
pythons_reptiles,VN,PT,US,1
pythons_reptiles,CG,BE,US,1
pythons_reptiles,CM,FR,US,1
rhino,XX,VN,US,1
medicinal_plants,XX,CA,US,1
sea_fan,ID,CN,US,1
sea_fan,CU,BS,US,1
sea_fan,AR,AR,US,1
sea_fan,BS,CU,US,1
sea_fan,MH,FR,US,1
sea_fan,XX,VN,US,1
turtles,XX,SY,US,1
turtles,XX,UZ,US,1
owl,US,PE,US,1
bear,CA,GP,US,1
bear,XX,IT,US,1
bear,XX,MX,US,1
bear,XX,TW,US,1
bear,LA,XX,US,1
monitor_lizard,TH,FR,US,1
monitor_lizard,TG,GH,US,1
monitor_lizard,TD,BE,US,1
monitor_lizard,IT,FR,US,1
monitor_lizard,PG,FR,US,1
monitor_lizard,XX,AU,US,1
monitor_lizard,ID,HK,US,1
monitor_lizard,CH,SE,US,1
monitor_lizard,US,IE,US,1
monitor_lizard,GT,MX,US,1
monitor_lizard,XX,KE,US,1
monitor_lizard,XX,CZ,US,1
sea_fan,SB,GP,US,1
sea_fan,NI,NI,US,1
turtles,SC,ES,US,1
pythons_reptiles,US,US,MO,1
pythons_reptiles,US,US,SA,1
pythons_reptiles,US,US,ES,1
pythons_reptiles,AE,FR,US,1
pythons_reptiles,MX,NA,US,1
pythons_reptiles,US,TT,US,1
pythons_reptiles,XX,VG,US,1
primates,IN,NL,US,1
resins_gums,XX,HK,US,1
sea_fan,US,JP,US,1
agarwood,XX,MY,US,1
birds,US,CO,US,1
birds,US,US,DE,1
owl,GT,CA,US,1
hornbill,TH,TH,US,1
cacti_succulents,US,US,AU,1
cacti_succulents,XX,NZ,US,1
cacti_succulents,XX,AU,US,1
pythons_reptiles,VE,CH,US,1
pythons_reptiles,CW,CW,US,1
pythons_reptiles,GY,CH,US,1
pythons_reptiles,VE,DE,US,1
pythons_reptiles,BO,SG,US,1
pythons_reptiles,BO,FI,US,1
pythons_reptiles,PY,IT,US,1
pythons_reptiles,AR,US,CA,1
jackal,ZA,ZA,US,1
turtles,XX,US,AU,1
primates,XX,ES,ZA,1
primates,GA,GA,US,1
turtles,JO,JO,US,1
turtles,XX,CO,US,1
turtles,BR,BR,US,1
turtles,NI,GT,US,1
turtles,XX,GY,US,1
pythons_reptiles,ZM,US,CA,1
pythons_reptiles,ZW,AE,US,1
pythons_reptiles,KE,SG,US,1
pythons_reptiles,ZA,FI,US,1
pythons_reptiles,ZW,KR,US,1
pythons_reptiles,SN,SN,US,1
pythons_reptiles,AU,NL,US,1
pythons_reptiles,PG,CH,US,1
pythons_reptiles,TH,JP,US,1
pythons_reptiles,KR,HK,US,1
pythons_reptiles,CN,MN,US,1
pythons_reptiles,PK,PK,US,1
rosewood,XX,US,FR,1
rosewood,IN,IT,US,1
rosewood,BR,BE,US,1
rosewood,XX,US,HK,1
rosewood,XX,BR,US,1
elephant,SI,CZ,US,1
elephant,US,GB,US,1
elephant,SD,AM,US,1
elephant,AT,AT,US,1
cycads,US,US,HK,1
turtles,MC,MC,FR,1
turtles,XX,US,GB,1
orchids,KP,CN,US,1
turtles,US,US,FR,1
sea_fan,MY,HK,US,1
shark_ray,NC,NC,US,1
shark_ray,XX,DO,US,1
shark_ray,XX,TW,US,1
shark_ray,XX,NO,US,1
shark_ray,LK,LK,US,1
primates,US,US,HK,1
elephant,GA,GA,GB,1
elephant,XX,BR,US,1
elephant,NA,FR,US,1
elephant,AO,PT,US,1
elephant,RW,RW,US,1
elephant,CI,CA,US,1
elephant,ZA,CA,US,1
primates,US,US,ES,1
primates,MU,US,DK,1
primates,US,US,NL,1
primates,DE,CA,US,1
primates,CN,US,CN,1
pythons_reptiles,ID,LB,US,1
pythons_reptiles,ID,BR,US,1
pythons_reptiles,NC,NC,US,1
pangolin,KE,KE,US,1
pangolin,XX,FR,US,1
pangolin,GA,GA,US,1
musk_deer,KR,SG,US,1
carnivorous_plants,XX,NL,US,1
medicinal_plants,US,SG,US,1
medicinal_plants,US,MY,US,1
lion,DK,ZA,US,1
jaguar,CR,CR,US,1
jaguar,PA,PA,US,1
jaguar,EC,EC,US,1
leopard,GB,GB,US,1
leopard,PE,PE,US,1
leopard,SD,SD,US,1
tiger,ID,ID,US,1
tiger,XX,IN,US,1
tiger,VN,XX,US,1
tiger,XX,SG,US,1
tiger,KP,CN,US,1
tiger,XX,NG,US,1
birds,ID,ID,US,1
turtles,LA,LA,US,1
sea_fan,JP,US,HK,1
sea_fan,DK,US,HK,1
sea_fan,AU,IT,US,1
sea_fan,IT,ES,US,1
sea_fan,TH,FR,US,1
shark_ray,NL,CA,US,1
shark_ray,BR,CA,US,1
primates,PA,PA,US,1
birds,XX,FR,US,1
rosewood,TH,TH,US,1
birds,US,SN,US,1
pythons_reptiles,IN,FI,US,1
pythons_reptiles,TH,NL,US,1
pythons_reptiles,VN,BR,US,1
pythons_reptiles,GA,GA,US,1
pythons_reptiles,SG,VN,US,1
pythons_reptiles,GR,US,GR,1
rhino,XX,XX,US,1
medicinal_plants,XX,US,GB,1
sea_fan,TO,US,CA,1
sea_fan,WS,WS,US,1
sea_fan,SY,XX,US,1
owl,XX,ES,US,1
turtles,XX,ES,MA,1
totoaba,MX,TW,US,1
bear,CA,US,SE,1
bear,RU,RU,BE,1
bear,HR,SI,US,1
bear,US,PH,US,1
bear,KP,CN,US,1
bear,KR,LA,US,1
bear,HK,HK,US,1
monitor_lizard,ML,FI,US,1
monitor_lizard,SD,NL,US,1
monitor_lizard,MY,CO,US,1
monitor_lizard,SG,MX,US,1
monitor_lizard,XX,US,SG,1
monitor_lizard,XX,CN,US,1
monitor_lizard,XX,SA,US,1
agarwood,SN,SN,CI,1
birds,ZA,BH,SA,1
birds,UA,DE,CA,1
birds,PH,PH,AU,1
shark_ray,HS,SN,CI,1
turtles,US,US,AU,1
primates,XX,XX,ZA,1
sea_fan,SN,SN,GH,1
elephant,MW,MW,ZA,1
elephant,DE,DE,CA,1
elephant,SN,SN,GH,1
turtles,TW,TW,CZ,1
lion,CM,CM,ZA,1
lion,ME,ME,NL,1
lion,SN,SN,GH,1
lion,EC,EC,CO,1
leopard,XX,DE,CH,1
primates,SN,SN,CI,1
birds,XX,DE,PA,1
birds,DE,DE,US,1
rhino,FR,FR,ZA,1
rhino,SN,SN,GH,1
turtles,XX,DE,GB,1
turtles,XX,RU,KZ,1
bear,AZ,AZ,RO,1
bear,XX,UA,DE,1
monitor_lizard,SN,SN,GH,1
monitor_lizard,SN,SN,CI,1
amphibians,HU,DE,US,1
amphibians,BR,US,BR,1
pythons_reptiles,US,CL,US,1
pythons_reptiles,CH,DK,US,1
birds,DE,NL,ID,1
birds,NL,NL,ID,1
hornbill,XX,VN,US,1
birds,US,CR,US,1
owl,AT,AT,US,1
owl,IT,IT,US,1
pythons_reptiles,MX,KR,US,1
pythons_reptiles,BO,SE,US,1
pythons_reptiles,AR,FR,US,1
turtles,MY,MY,US,1
turtles,XX,IE,US,1
pythons_reptiles,XX,SN,US,1
pythons_reptiles,ZM,GB,US,1
pythons_reptiles,ZM,JP,US,1
pythons_reptiles,ZW,SE,US,1
pythons_reptiles,ZW,US,QA,1
pythons_reptiles,PW,PW,US,1
pythons_reptiles,CH,IT,US,1
pythons_reptiles,QA,QA,US,1
sea_fan,GT,GT,US,1
birds,CA,US,CA,1
elephant,FR,FR,US,1
turtles,XX,CW,US,1
sea_fan,ID,NA,US,1
tokay_gecko,CN,TW,US,1
tokay_gecko,CN,CN,US,1
bear,MM,MM,US,1
shark_ray,DO,DO,US,1
shark_ray,PH,CN,US,1
elephant,NL,NL,US,1
pythons_reptiles,XX,US,AU,1
shark_ray,XX,GB,US,1
musk_deer,XX,NL,US,1
leopard,XX,TH,US,1
primates,XX,NL,GI,1
lion,CZ,CZ,US,1
lion,ZA,BM,US,1
leopard,GA,GA,US,1
leopard,SZ,SZ,US,1
tiger,VN,KH,US,1
tiger,XX,MY,US,1
tiger,IN,GB,US,1
sea_fan,JP,CA,US,1
sea_fan,US,KY,US,1
pythons_reptiles,NP,KR,US,1
pythons_reptiles,VN,LT,US,1
pythons_reptiles,TD,TD,US,1
pythons_reptiles,GM,GM,US,1
rhino,XX,HK,US,1
rhino,KP,CN,US,1
rhino,XX,YE,US,1
sea_fan,XX,KY,US,1
sea_fan,XX,PG,US,1
owl,XX,VE,US,1
bear,XX,FI,US,1
bear,IT,IT,US,1
monitor_lizard,US,MX,US,1
monitor_lizard,SD,GB,US,1
monitor_lizard,TD,TD,US,1
monitor_lizard,XX,HT,US,1
monitor_lizard,ID,KR,US,1
monitor_lizard,ID,US,IT,1
monitor_lizard,AR,ES,US,1
monitor_lizard,XX,AE,US,1
monitor_lizard,AU,AU,US,1
pythons_reptiles,VE,CH,ES,1
primates,ES,ES,GB,1
jaguar,GT,GT,US,1
turtles,XX,CH,DE,1
monitor_lizard,NO,NO,DK,1
cheetah,AU,AU,US,1
cheetah,CG,CG,US,1
sea_fan,AU,GB,US,1
sea_fan,MV,IT,US,1
birds,AU,GB,US,1
pythons_reptiles,US,GH,US,1
pythons_reptiles,US,MO,US,1
pythons_reptiles,US,ZA,US,1
pythons_reptiles,US,UY,US,1
pythons_reptiles,US,LC,US,1
pythons_reptiles,US,MG,US,1
amphibians,AT,AT,US,1
amphibians,XX,MX,US,1
amphibians,XX,US,QA,1
eels,ES,ES,US,1
eels,IT,GB,US,1
eels,PT,PT,US,1
hornbill,XX,BE,US,1
sea_fan,CA,TR,US,1
agarwood,XX,TW,US,1
agarwood,NP,NP,US,1
birds,XX,BS,US,1
birds,XX,CR,US,1
birds,DE,DE,CH,1
primates,XX,MX,US,1
hornbill,XX,CO,US,1
cacti_succulents,MY,MY,US,1
cacti_succulents,US,US,TH,1
cacti_succulents,US,US,ES,1
pythons_reptiles,CO,US,MX,1
pythons_reptiles,BO,NL,US,1
pythons_reptiles,NO,MX,US,1
pythons_reptiles,MX,CA,US,1
pythons_reptiles,XX,AR,US,1
pythons_reptiles,MX,XX,US,1
amphibians,CL,CL,US,1
shark_ray,ZA,ZA,US,1
primates,XX,UA,US,1
cacti_succulents,XX,CA,US,1
turtles,PT,HK,US,1
primates,US,US,DE,1
primates,JP,SG,US,1
pythons_reptiles,XX,CL,US,1
pythons_reptiles,XX,MO,US,1
pythons_reptiles,XX,PK,US,1
pythons_reptiles,DE,DE,CH,1
pythons_reptiles,CH,TW,US,1
pythons_reptiles,ET,ET,US,1
pythons_reptiles,XX,ZW,US,1
pythons_reptiles,ZM,HK,US,1
pythons_reptiles,ZM,CN,US,1
pythons_reptiles,KE,IT,US,1
pythons_reptiles,SD,GB,US,1
pythons_reptiles,TO,CN,US,1
pythons_reptiles,ZW,AU,US,1
pythons_reptiles,NZ,CA,US,1
pythons_reptiles,TW,CN,US,1
pythons_reptiles,CH,JP,US,1
pythons_reptiles,CH,BE,US,1
pythons_reptiles,DE,TW,US,1
pythons_reptiles,CR,CR,US,1
rosewood,BR,ES,US,1
rosewood,XX,US,CN,1
amphibians,DE,DE,US,1
rhino,AO,GB,US,1
elephant,XX,RU,US,1
elephant,BW,MX,US,1
elephant,NG,JP,US,1
elephant,UY,UY,US,1
turtles,PG,PG,US,1
tokay_gecko,XX,SG,US,1
tokay_gecko,XX,ID,US,1
turtles,US,XX,US,1
bear,MY,GB,US,1
shark_ray,BR,HK,US,1
shark_ray,PG,SG,US,1
turtles,IN,GB,US,1
shark_ray,JP,SG,US,1
shark_ray,NZ,GB,US,1
shark_ray,XX,IT,US,1
shark_ray,HS,LK,US,1
turtles,GH,GH,US,1
amphibians,LA,LA,US,1
turtles,XX,GT,US,1
elephant,NG,NG,GA,1
elephant,GM,BE,US,1
elephant,MX,XX,US,1
elephant,XV,CD,US,1
elephant,XX,GQ,US,1
elephant,JP,AT,US,1
elephant,CH,CH,US,1
primates,CN,BE,US,1
primates,PH,CH,US,1
primates,MU,SE,US,1
primates,KH,US,DE,1
primates,NL,CH,US,1
primates,DE,CH,US,1
pythons_reptiles,ID,PA,US,1
pythons_reptiles,XX,TK,US,1
pythons_reptiles,MY,TR,US,1
pythons_reptiles,SG,TR,US,1
pythons_reptiles,ID,DK,US,1
pythons_reptiles,MY,ES,US,1
pythons_reptiles,SG,FR,US,1
pangolin,NG,NG,GA,1
pangolin,XX,LA,US,1
pangolin,GQ,GQ,US,1
turtles,SG,SG,US,1
musk_deer,HK,HK,US,1
musk_deer,CN,KR,US,1
musk_deer,RU,NL,US,1
primates,FR,FR,ZA,1
medicinal_plants,US,GB,US,1
lion,XX,ZA,US,1
lion,XX,ZW,US,1
lion,SO,SO,US,1
lion,NG,NG,US,1
jaguar,BR,PE,US,1
leopard,ZW,ZA,US,1
leopard,AU,AU,US,1
leopard,XX,ID,US,1
leopard,XX,MX,US,1
leopard,DE,DE,CH,1
tiger,LA,LA,US,1
tiger,VN,MX,US,1
tiger,BF,BF,US,1
tiger,XX,US,AU,1
primates,ZA,GB,US,1
sea_fan,JP,DE,US,1
sea_fan,XX,GM,US,1
sea_fan,US,CN,US,1
sea_fan,IT,US,DE,1
primates,IS,IL,US,1
birds,XX,CL,US,1
birds,AZ,AZ,US,1
birds,SY,TR,US,1
owl,CR,CR,US,1
pythons_reptiles,IT,SA,US,1
pythons_reptiles,IT,HK,US,1
pythons_reptiles,XX,LA,US,1
pythons_reptiles,XX,GH,US,1
shark_ray,KH,KH,US,1
rhino,XX,MX,US,1
rhino,XX,JP,US,1
medicinal_plants,UZ,UZ,US,1
sea_fan,AU,TW,US,1
sea_fan,BR,NZ,US,1
sea_fan,TZ,TZ,US,1
sea_fan,CO,CO,US,1
sea_fan,TO,CN,US,1
turtles,DZ,DZ,US,1
turtles,IL,IL,US,1
primates,ET,ZA,US,1
totoaba,MX,TH,US,1
turtles,LR,LR,US,1
bear,XX,NL,US,1
bear,GL,DK,US,1
bear,EE,EE,US,1
bear,XX,RU,US,1
bear,KR,KE,US,1
bear,XX,KZ,US,1
bear,NG,NG,US,1
monitor_lizard,CD,CG,US,1
monitor_lizard,US,US,MX,1
monitor_lizard,XX,MO,US,1
monitor_lizard,TD,US,CN,1
monitor_lizard,CM,CM,US,1
monitor_lizard,ID,DE,US,1
monitor_lizard,US,DE,US,1
monitor_lizard,HK,HK,US,1
monitor_lizard,MY,ES,US,1
monitor_lizard,ML,BE,US,1
monitor_lizard,CH,CH,US,1
monitor_lizard,XX,PK,US,1
monitor_lizard,JP,JP,US,1
monitor_lizard,BE,BE,US,1
monitor_lizard,US,US,HK,1
turtles,ME,ME,HR,1
turtles,GB,GB,SE,1
lion,HU,HU,IL,1
leopard,EE,ES,ZA,1
tiger,XX,XX,JO,1
rhino,XX,DE,ZA,1
hornbill,IL,IL,HU,1
turtles,XX,FR,XV,1
sea_fan,EG,GB,US,1
cheetah,NG,NG,US,1
pythons_reptiles,FR,JP,US,1
pythons_reptiles,US,JM,US,1
pythons_reptiles,XX,KY,US,1
pythons_reptiles,US,US,CO,1
pythons_reptiles,US,US,MF,1
pythons_reptiles,XX,US,CH,1
pythons_reptiles,XX,US,SG,1
resins_gums,GB,GB,US,1
resins_gums,XX,ID,US,1
resins_gums,KE,KE,US,1
birds,CH,CH,US,1
birds,EC,MX,US,1
sea_fan,XX,IQ,US,1
agarwood,XX,JP,US,1
birds,PY,BR,US,1
owl,RU,RU,US,1
owl,ES,CA,US,1
hornbill,XX,NL,US,1
pythons_reptiles,SV,SV,US,1
pythons_reptiles,BO,BR,US,1
pythons_reptiles,BO,PL,US,1
jackal,XX,BE,US,1
shark_ray,GT,GT,US,1
primates,XX,PL,AE,1
turtles,AU,BE,US,1
turtles,XX,CU,US,1
turtles,JM,CA,US,1
cacti_succulents,XX,KR,US,1
pythons_reptiles,XX,FI,US,1
pythons_reptiles,ZA,MX,US,1
pythons_reptiles,PG,AU,US,1
pythons_reptiles,PH,BE,US,1
pythons_reptiles,AU,ES,US,1
pythons_reptiles,AU,HK,US,1
pythons_reptiles,AU,UA,US,1
pythons_reptiles,ID,ZA,US,1
pythons_reptiles,XX,BB,US,1
pythons_reptiles,XX,PW,US,1
pythons_reptiles,XX,SK,US,1
rosewood,MG,GB,US,1
rosewood,XX,US,DE,1
rosewood,IN,US,AU,1
rosewood,ID,US,CA,1
rosewood,IN,US,CA,1
rosewood,ID,GB,US,1
rosewood,XX,IN,US,1
rosewood,US,IT,US,1
rosewood,XX,AU,US,1
rosewood,MG,IN,US,1
rosewood,PA,PA,CL,1
rosewood,ID,IN,US,1
rosewood,SA,SA,US,1
orchids,PH,PH,US,1
orchids,XX,CA,US,1
orchids,CH,CH,US,1
orchids,XX,GB,US,1
elephant,ID,ID,US,1
elephant,TH,JP,US,1
elephant,LB,LB,US,1
elephant,SG,SG,US,1
elephant,VN,SG,US,1
turtles,TC,TC,US,1
cacti_succulents,MX,CA,US,1
cacti_succulents,MG,MG,US,1
cacti_succulents,VN,VN,US,1
tokay_gecko,CN,CA,US,1
tokay_gecko,HK,HK,US,1
shark_ray,KE,KE,US,1
primates,MZ,MZ,CG,1
shark_ray,CN,CA,US,1
shark_ray,KR,KR,US,1
shark_ray,MX,HK,US,1
shark_ray,EC,PE,US,1
elephant,CU,CU,US,1
elephant,XX,SV,US,1
pythons_reptiles,ID,BE,US,1
pythons_reptiles,MY,GB,US,1
pythons_reptiles,DK,DK,US,1
pangolin,GN,GN,US,1
pangolin,CI,CI,US,1
pangolin,SL,SL,US,1
musk_deer,CA,CA,US,1
carnivorous_plants,XX,TW,US,1
carnivorous_plants,JP,JP,US,1
cacti_succulents,XX,US,CA,1
orchids,SG,IN,US,1
turtles,XX,GB,SE,1
medicinal_plants,US,US,NI,1
leopard,CM,CM,US,1
leopard,CU,CU,US,1
leopard,GH,GH,US,1
tiger,CU,CU,US,1
tiger,ZM,ZM,US,1
orchids,MY,MY,SG,1
sea_fan,IT,CH,US,1
sea_fan,MM,CN,US,1
sea_fan,CN,GB,US,1
sea_fan,TW,DE,US,1
sea_fan,JP,GB,US,1
turtles,BR,GB,US,1
primates,CU,CU,US,1
birds,XX,XX,US,1
pythons_reptiles,VN,PL,US,1
pythons_reptiles,XX,SI,US,1
pythons_reptiles,VN,XX,US,1
pythons_reptiles,XX,US,BE,1
rhino,HK,HK,US,1
rhino,XX,LA,US,1
rhino,MX,MX,US,1
medicinal_plants,KH,KH,US,1
medicinal_plants,XX,TR,US,1
sea_fan,BO,BO,US,1
sea_fan,XX,BS,US,1
sea_fan,TO,CA,US,1
sea_fan,MU,MU,US,1
sea_fan,TC,MX,US,1
sea_fan,QA,QA,US,1
sea_fan,SG,SG,US,1
sea_fan,XX,SI,US,1
sea_fan,SV,SV,US,1
sea_fan,ZA,ZA,US,1
turtles,BO,BO,US,1
turtles,XX,AZ,US,1
turtles,TN,TN,US,1
turtles,XX,GB,GG,1
totoaba,XX,HK,SG,1
owl,US,DE,US,1
owl,US,GB,US,1
bear,XX,DE,US,1
bear,KR,KR,US,1
monitor_lizard,CM,ES,US,1
monitor_lizard,US,FR,US,1
monitor_lizard,SG,ES,US,1
monitor_lizard,ID,LT,US,1
monitor_lizard,ID,GP,US,1
monitor_lizard,XX,SG,US,1
monitor_lizard,XX,SI,US,1
monitor_lizard,US,VN,US,1
turtles,XX,HK,CA,1
pangolin,PK,PK,FR,1
lion,PK,PK,ZA,1
jaguar,AE,AE,IN,1
tiger,PK,PK,ZA,1
tiger,SK,SK,ZA,1
rhino,XX,CA,US,1
rhino,DE,DE,ZA,1
cheetah,XX,CA,FR,1
pythons_reptiles,FR,CA,US,1
birds,TG,TG,BR,1
primates,NG,NG,ES,1
leopard,UA,ES,ZA,1
tiger,XX,CA,FR,1
birds,XX,ES,CG,1
monitor_lizard,US,CA,US,1
primates,AR,AR,ZA,1
shark_ray,XX,LK,US,1
primates,GN,GN,DK,1
pythons_reptiles,VN,VN,KR,1
rosewood,NE,BF,CH,1
bear,ME,ME,BG,1
