species_group,origin,exporter,importer,seized_records
sea_fan,ID,ID,US,1217
pythons_reptiles,MX,MX,US,657
shark_ray,MX,MX,US,481
bear,CA,CA,US,417
shark_ray,CN,CN,US,399
leopard,CN,CN,US,356
pythons_reptiles,US,CH,US,333
sea_fan,PH,PH,US,316
pythons_reptiles,TH,TH,US,304
pythons_reptiles,AU,AU,US,259
tiger,CN,CN,US,259
sea_fan,MH,MH,US,208
birds,MX,MX,US,204
bear,CN,CN,US,204
shark_ray,VN,VN,US,186
agarwood,SA,SA,US,181
sea_fan,CN,CN,US,172
elephant,ZA,ZA,US,167
tiger,VN,VN,US,151
pythons_reptiles,VN,VN,US,148
elephant,ZW,ZW,US,148
sea_fan,MX,MX,US,148
pythons_reptiles,US,IT,US,144
elephant,NG,NG,US,143
elephant,TH,TH,US,143
pythons_reptiles,XX,XX,US,133
pythons_reptiles,IT,IT,US,129
pythons_reptiles,NG,NG,US,127
elephant,VN,VN,US,124
sea_fan,TO,TO,US,124
turtles,MX,MX,US,121
pythons_reptiles,ID,ID,US,118
sea_fan,FM,FM,US,115
sea_fan,PW,PW,US,110
sea_fan,TH,TH,US,110
sea_fan,AU,AU,US,107
shark_ray,HK,HK,US,104
pythons_reptiles,US,FR,US,101
sea_fan,VN,VN,US,98
elephant,LA,LA,US,97
birds,GB,GB,US,96
medicinal_plants,CN,CN,US,94
bear,VN,VN,US,93
birds,PE,PE,US,92
elephant,GB,GB,US,92
birds,CA,CA,US,88
pythons_reptiles,US,HK,US,85
shark_ray,TH,TH,US,81
pythons_reptiles,ID,IT,US,74
turtles,VN,VN,US,74
pythons_reptiles,ZA,ZA,US,72
orchids,CN,CN,US,72
pythons_reptiles,HK,HK,US,69
turtles,XX,XX,US,69
sea_fan,KY,KY,US,69
sea_fan,HK,HK,US,64
pythons_reptiles,NI,NI,US,63
leopard,XX,XX,US,62
turtles,CN,CN,US,61
shark_ray,XX,XX,US,61
pythons_reptiles,US,GB,US,59
bear,RU,RU,US,59
pythons_reptiles,US,CA,US,57
elephant,XX,XX,US,56
sea_fan,FJ,FJ,US,56
pythons_reptiles,CO,CO,US,55
pythons_reptiles,VN,IT,US,53
turtles,DO,DO,US,53
turtles,CU,CU,US,52
birds,CR,CR,US,50
sea_fan,TW,TW,US,50
owl,CA,CA,US,49
leopard,TZ,TZ,US,49
abalone,CN,CN,US,49
sea_fan,JP,JP,US,47
leopard,ZW,ZW,US,46
owl,MX,MX,US,45
pythons_reptiles,US,DE,US,45
primates,ZA,ZA,US,45
sea_fan,BS,BS,US,45
birds,CU,CU,US,44
pythons_reptiles,FR,FR,US,43
pythons_reptiles,CN,CN,US,43
pythons_reptiles,CA,CA,US,42
shark_ray,PH,PH,US,41
sea_fan,VI,VI,US,40
primates,ID,ID,US,38
birds,NL,NL,US,37
bear,US,CA,US,37
pythons_reptiles,GB,GB,US,36
pythons_reptiles,US,MX,US,35
pythons_reptiles,SD,SD,US,35
sea_fan,CN,HK,US,35
pythons_reptiles,CH,CH,US,34
elephant,MX,MX,US,34
birds,BO,BO,US,33
turtles,GB,GB,US,33
pythons_reptiles,CO,MX,US,32
pythons_reptiles,GH,GH,US,32
pythons_reptiles,BO,BO,US,32
sea_fan,CA,CA,US,32
pythons_reptiles,VN,FR,US,31
elephant,TZ,TZ,US,31
sea_fan,SB,SB,US,31
pythons_reptiles,KR,KR,US,30
pythons_reptiles,TH,PH,US,30
tiger,TH,TH,US,30
lion,ZA,ZA,US,29
abalone,TH,TH,US,29
birds,BR,BR,US,28
owl,GB,GB,US,28
pythons_reptiles,TH,IT,US,28
pythons_reptiles,MY,IT,US,28
pythons_reptiles,JP,JP,US,28
pythons_reptiles,ZW,ZW,US,28
birds,XX,XX,US,27
pythons_reptiles,SG,SG,US,27
monitor_lizard,NG,NG,US,27
owl,RU,RU,US,26
pythons_reptiles,ID,GB,US,26
pythons_reptiles,VN,GB,US,26
pythons_reptiles,KH,KH,US,26
leopard,ZA,ZA,US,26
pythons_reptiles,CO,TH,US,25
pythons_reptiles,US,JP,US,25
pythons_reptiles,VN,SG,US,25
elephant,JP,JP,US,25
abalone,PH,PH,US,25
owl,US,CA,US,24
pythons_reptiles,ID,FR,US,24
pythons_reptiles,BO,IT,US,24
turtles,BS,BS,US,24
turtles,HT,HT,US,23
turtles,HK,HK,US,23
jaguar,PE,PE,US,23
rhino,ZA,ZA,US,23
elephant,PH,PH,US,23
birds,RU,RU,US,22
pythons_reptiles,US,SG,US,22
pythons_reptiles,CO,IT,US,22
tiger,XX,XX,US,22
eels,MX,MX,US,22
shark_ray,ID,ID,US,22
agarwood,CN,CN,US,22
birds,US,CA,US,21
birds,CH,CH,US,21
elephant,DE,DE,US,21
leopard,ZM,ZM,US,21
abalone,MX,MX,US,21
agarwood,XX,XX,US,21
birds,CO,CO,US,20
tokay_gecko,CN,CN,US,20
pythons_reptiles,GY,GY,US,20
pythons_reptiles,PH,PH,US,20
pythons_reptiles,CO,CH,US,20
elephant,FR,FR,US,20
elephant,CM,CM,US,20
elephant,GH,GH,US,20
shark_ray,CA,CA,US,20
birds,NI,NI,US,19
tokay_gecko,VN,VN,US,19
turtles,ID,ID,US,19
pythons_reptiles,US,TH,US,19
pythons_reptiles,ZW,IT,US,19
pythons_reptiles,BR,BR,US,19
primates,XX,XX,US,19
pangolin,VN,VN,US,19
sea_fan,GB,GB,US,19
birds,BE,BE,US,18
turtles,CA,CA,US,18
pythons_reptiles,US,XX,US,18
pythons_reptiles,MY,MY,US,18
turtles,US,HK,US,18
turtles,GY,GY,US,18
turtles,PE,PE,US,18
monitor_lizard,MX,MX,US,18
elephant,CN,CN,US,18
elephant,CA,CA,US,18
tiger,KH,KH,US,18
primates,LA,LA,US,18
abalone,ID,ID,US,18
birds,JM,JM,US,17
pythons_reptiles,US,MY,US,17
pythons_reptiles,US,ES,US,17
monitor_lizard,ID,IT,US,17
pythons_reptiles,ID,ES,US,17
monitor_lizard,ML,CH,US,17
turtles,SG,SG,US,17
primates,ZW,ZW,US,17
elephant,BW,ZA,US,17
leopard,NG,NG,US,17
birds,ID,ID,US,16
pythons_reptiles,ID,SG,US,16
pythons_reptiles,VE,IT,US,16
pythons_reptiles,ID,CH,US,16
pythons_reptiles,ZW,ZA,US,16
pythons_reptiles,CM,CM,US,16
leopard,HK,HK,US,16
elephant,ZM,ZM,US,16
sea_fan,XX,XX,US,16
pythons_reptiles,US,AU,US,15
tiger,CA,CA,US,15
primates,PE,PE,US,15
shark_ray,AU,AU,US,15
shark_ray,PE,PE,US,15
birds,AU,AU,US,14
pythons_reptiles,US,CN,US,14
turtles,TH,TH,US,14
turtles,BZ,BZ,US,14
pythons_reptiles,SN,SN,US,14
turtles,TO,TO,US,14
elephant,HK,HK,US,14
pangolin,CN,VN,US,14
sea_fan,ZA,ZA,US,14
shark_ray,TW,TW,US,14
pythons_reptiles,CO,HK,US,13
pythons_reptiles,ES,ES,US,13
pythons_reptiles,DE,DE,US,13
monitor_lizard,ID,ID,US,13
primates,GB,GB,US,13
leopard,VN,VN,US,13
primates,CN,CA,US,13
elephant,BI,BI,US,13
elephant,BW,BW,US,13
birds,AR,AR,US,12
turtles,ZA,ZA,US,12
pythons_reptiles,VN,ES,US,12
pythons_reptiles,VN,CH,US,12
pythons_reptiles,PE,PE,US,12
pythons_reptiles,CI,CI,US,12
primates,CN,CN,US,12
tiger,LA,LA,US,12
primates,MG,MG,US,12
sea_fan,HT,HT,US,12
sea_fan,IT,IT,US,12
abalone,HK,HK,US,12
agarwood,KW,KW,US,12
orchids,HK,HK,US,12
agarwood,QA,QA,US,12
birds,ZA,ZA,US,11
birds,JP,JP,US,11
pythons_reptiles,US,KR,US,11
turtles,GD,GD,US,11
monitor_lizard,GB,GB,US,11
monitor_lizard,LA,LA,US,11
tiger,HK,HK,US,11
sea_fan,KR,KR,US,11
sea_fan,IN,ID,US,11
birds,NG,NG,US,10
owl,NL,NL,US,10
turtles,CN,HK,US,10
monitor_lizard,MY,IT,US,10
turtles,CN,VN,US,10
turtles,VE,VE,US,10
pythons_reptiles,US,NL,US,10
pythons_reptiles,MZ,MZ,US,10
pythons_reptiles,MY,HK,US,10
pythons_reptiles,US,DK,US,10
turtles,DE,DE,US,10
pythons_reptiles,ZM,CA,US,10
turtles,TW,TW,US,10
turtles,FR,FR,US,10
turtles,CO,CO,US,10
pythons_reptiles,VN,JP,US,10
elephant,ZW,ZA,US,10
elephant,IT,IT,US,10
bear,KR,KR,US,10
tiger,KR,KR,US,10
elephant,MW,MW,US,10
sea_fan,PF,PF,US,10
sea_fan,DE,DE,US,10
shark_ray,KR,KR,US,10
sea_fan,DO,DO,US,10
birds,DO,DO,US,9
birds,SV,SV,US,9
owl,ZA,ZA,US,9
birds,VN,VN,US,9
monitor_lizard,ML,IT,US,9
pythons_reptiles,TR,TR,US,9
pythons_reptiles,ZW,FR,US,9
turtles,GT,GT,US,9
pythons_reptiles,ML,ML,US,9
pythons_reptiles,ID,HK,US,9
turtles,JP,JP,US,9
monitor_lizard,CM,CH,US,9
pythons_reptiles,GN,GN,US,9
turtles,TT,TT,US,9
turtles,HN,HN,US,9
monitor_lizard,MY,FR,US,9
primates,PH,PH,US,9
bear,LA,LA,US,9
bear,TH,TH,US,9
primates,CA,CA,US,9
primates,CM,CM,US,9
leopard,CA,CA,US,9
sea_fan,SG,SG,US,9
sea_fan,TC,TC,US,9
sea_fan,FR,FR,US,9
sea_fan,KH,KH,US,9
abalone,CA,CA,US,9
owl,DE,DE,US,8
birds,FR,FR,US,8
birds,CN,CN,US,8
birds,GY,GY,US,8
pythons_reptiles,ZA,IT,US,8
monitor_lizard,GH,GH,US,8
monitor_lizard,IT,IT,US,8
pythons_reptiles,ZW,CH,US,8
pythons_reptiles,VE,FR,US,8
turtles,NI,NI,US,8
pythons_reptiles,AR,AR,US,8
pythons_reptiles,MY,MX,US,8
pythons_reptiles,AU,ID,US,8
pythons_reptiles,ZM,ZM,US,8
pythons_reptiles,VN,HK,US,8
pythons_reptiles,ID,KR,US,8
elephant,BE,BE,US,8
primates,TZ,TZ,US,8
jaguar,MX,MX,US,8
elephant,US,US,US,8
bear,KH,KH,US,8
elephant,TW,TW,US,8
leopard,GB,GB,US,8
leopard,MZ,MZ,US,8
primates,TH,TH,US,8
tiger,CN,VN,US,8
sea_fan,VU,VU,US,8
sea_fan,IN,IN,US,8
sea_fan,KI,KI,US,8
sea_fan,MY,MY,US,8
sea_fan,PE,PE,US,8
sea_fan,JM,JM,US,8
shark_ray,JP,JP,US,8
shark_ray,CN,VN,US,8
shark_ray,FR,FR,US,8
sea_fan,JP,HK,US,8
birds,PA,PA,US,7
birds,EC,EC,US,7
hornbill,ID,ID,US,7
pythons_reptiles,ID,XX,US,7
pythons_reptiles,AU,IT,US,7
pythons_reptiles,US,AT,US,7
monitor_lizard,ID,CH,US,7
turtles,LA,LA,US,7
turtles,FM,FM,US,7
turtles,SR,SR,US,7
turtles,MY,MY,US,7
pythons_reptiles,MY,GB,US,7
monitor_lizard,SD,CH,US,7
pythons_reptiles,CO,FR,US,7
pythons_reptiles,AR,IT,US,7
pythons_reptiles,PG,PG,US,7
primates,UG,UG,US,7
bear,JP,JP,US,7
wild_boar,PE,PE,US,7
primates,ET,ET,US,7
elephant,KE,KE,US,7
leopard,MZ,ZA,US,7
elephant,KH,KH,US,7
pangolin,CN,CN,US,7
jaguar,BO,BO,US,7
leopard,ZW,ZA,US,7
pangolin,LA,LA,US,7
wild_boar,PG,PG,US,7
sea_fan,DM,DM,US,7
shark_ray,PW,PW,US,7
sea_fan,US,CA,US,7
shark_ray,EC,EC,US,7
medicinal_plants,HK,HK,US,7
shark_ray,LK,LK,US,7
sea_fan,NL,NL,US,7
birds,HN,HN,US,6
birds,IT,IT,US,6
tokay_gecko,ID,ID,US,6
pythons_reptiles,SG,IT,US,6
pythons_reptiles,NL,NL,US,6
pythons_reptiles,EG,EG,US,6
pythons_reptiles,CO,ES,US,6
pythons_reptiles,TH,HK,US,6
monitor_lizard,TD,FR,US,6
pythons_reptiles,ID,MX,US,6
tokay_gecko,HK,HK,US,6
monitor_lizard,TD,CH,US,6
pythons_reptiles,AU,CA,US,6
pythons_reptiles,AE,AE,US,6
pythons_reptiles,TZ,TZ,US,6
turtles,PH,PH,US,6
turtles,PW,PW,US,6
monitor_lizard,SD,SD,US,6
pythons_reptiles,AU,GB,US,6
pythons_reptiles,BF,BF,US,6
pythons_reptiles,ID,JP,US,6
turtles,CN,TW,US,6
tiger,TW,TW,US,6
primates,HK,HK,US,6
tiger,CN,CA,US,6
elephant,AR,AR,US,6
bear,VN,US,US,6
bear,US,MX,US,6
leopard,TH,TH,US,6
elephant,SG,SG,US,6
elephant,ES,ES,US,6
tiger,GB,GB,US,6
elephant,CI,CI,US,6
lion,TZ,TZ,US,6
bear,RU,UA,US,6
abalone,CN,HK,US,6
shark_ray,CH,CH,US,6
sea_fan,TW,HK,US,6
sea_fan,TR,TR,US,6
shark_ray,PA,PA,US,6
sea_fan,PG,PG,US,6
sea_fan,NZ,NZ,US,6
sea_fan,PH,BE,US,6
birds,US,MX,US,5
owl,XX,XX,US,5
birds,AU,FR,US,5
monitor_lizard,ML,FR,US,5
pythons_reptiles,US,BE,US,5
pythons_reptiles,CO,CN,US,5
pythons_reptiles,US,DO,US,5
pythons_reptiles,EC,EC,US,5
turtles,KY,KY,US,5
turtles,VG,VG,US,5
turtles,FJ,FJ,US,5
pythons_reptiles,TG,TG,US,5
monitor_lizard,CA,CA,US,5
turtles,MA,MA,US,5
pythons_reptiles,ID,TR,US,5
pythons_reptiles,ZW,CA,US,5
turtles,KR,KR,US,5
pythons_reptiles,GT,GT,US,5
turtles,TZ,TZ,US,5
pythons_reptiles,BE,BE,US,5
pythons_reptiles,PA,PA,US,5
turtles,JO,JO,US,5
pythons_reptiles,MY,ES,US,5
turtles,US,CA,US,5
pythons_reptiles,US,AW,US,5
turtles,VC,VC,US,5
turtles,AU,AU,US,5
pythons_reptiles,US,AN,US,5
monitor_lizard,MY,GB,US,5
pythons_reptiles,ID,BR,US,5
monitor_lizard,PG,PG,US,5
pythons_reptiles,ZW,BR,US,5
tiger,US,US,US,5
musk_deer,KR,KR,US,5
elephant,LB,LB,US,5
tiger,ID,ID,US,5
elephant,ZW,MX,US,5
jaguar,XX,XX,US,5
leopard,CI,CI,US,5
lion,ZW,ZW,US,5
primates,ZM,ZM,US,5
elephant,MZ,MZ,US,5
primates,MY,MY,US,5
leopard,FR,FR,US,5
cheetah,NG,NG,US,5
elephant,UY,UY,US,5
sea_fan,KE,KE,US,5
shark_ray,IT,IT,US,5
medicinal_plants,MY,MY,US,5
shark_ray,SG,SG,US,5
sea_fan,BE,BE,US,5
medicinal_plants,US,CN,US,5
sea_fan,US,AU,US,5
sea_fan,AW,AW,US,5
shark_ray,CN,HK,US,5
sea_fan,JP,TW,US,5
sea_fan,JP,IT,US,5
shark_ray,BZ,BZ,US,5
orchids,KH,KH,US,5
agarwood,EG,EG,US,5
agarwood,BH,BH,US,5
shark_ray,US,US,US,5
birds,MT,MT,US,4
birds,DK,DK,US,4
birds,US,BS,US,4
birds,PK,PK,US,4
owl,US,MX,US,4
birds,SR,SR,US,4
birds,GT,GT,US,4
owl,GB,DE,US,4
owl,US,GH,US,4
birds,US,GH,US,4
pythons_reptiles,US,GP,US,4
monitor_lizard,XX,XX,US,4
pythons_reptiles,TH,FR,US,4
pythons_reptiles,US,AE,US,4
pythons_reptiles,VE,ES,US,4
pythons_reptiles,US,PH,US,4
turtles,SV,SV,US,4
pythons_reptiles,ZW,DE,US,4
pythons_reptiles,LA,IT,US,4
monitor_lizard,ZA,ZA,US,4
pythons_reptiles,US,BB,US,4
pythons_reptiles,TW,TW,US,4
turtles,CR,CR,US,4
turtles,BJ,BJ,US,4
monitor_lizard,ID,MX,US,4
pythons_reptiles,ID,CN,US,4
turtles,AR,AR,US,4
tokay_gecko,XX,XX,US,4
monitor_lizard,ID,ES,US,4
pythons_reptiles,PH,IT,US,4
pythons_reptiles,VN,KR,US,4
pythons_reptiles,US,QA,US,4
pythons_reptiles,ZA,CA,US,4
pythons_reptiles,GA,GA,US,4
pythons_reptiles,BZ,BZ,US,4
turtles,TG,TG,US,4
tokay_gecko,LA,LA,US,4
pythons_reptiles,MY,FR,US,4
turtles,LR,LR,US,4
pythons_reptiles,CO,VN,US,4
pythons_reptiles,AU,XX,US,4
turtles,GH,GH,US,4
monitor_lizard,SD,IT,US,4
pythons_reptiles,CO,GB,US,4
pythons_reptiles,US,JM,US,4
turtles,NG,NG,US,4
monitor_lizard,TD,IT,US,4
turtles,BE,BE,US,4
turtles,BR,BR,US,4
pythons_reptiles,US,KN,US,4
pythons_reptiles,BJ,BJ,US,4
pythons_reptiles,MS,MS,US,4
pythons_reptiles,TH,GB,US,4
pythons_reptiles,ID,CA,US,4
pythons_reptiles,VN,CO,US,4
pythons_reptiles,VE,CH,US,4
tokay_gecko,KH,KH,US,4
pythons_reptiles,ID,BE,US,4
pythons_reptiles,LB,LB,US,4
pythons_reptiles,PG,AU,US,4
pythons_reptiles,MY,TR,US,4
pythons_reptiles,AU,FR,US,4
pythons_reptiles,VN,LB,US,4
monitor_lizard,TD,BE,US,4
pythons_reptiles,VN,BR,US,4
elephant,UG,UG,US,4
wild_boar,VN,VN,US,4
tiger,AE,AE,US,4
bear,RO,RO,US,4
tiger,JP,JP,US,4
musk_deer,CN,CN,US,4
bear,HK,HK,US,4
primates,EC,EC,US,4
elephant,AO,AO,US,4
leopard,SD,SD,US,4
primates,CR,CR,US,4
tiger,MM,MM,US,4
tiger,MY,MY,US,4
primates,MU,MU,US,4
bear,CN,KR,US,4
elephant,ET,ET,US,4
bear,XX,XX,US,4
leopard,GH,GH,US,4
elephant,IN,GB,US,4
primates,RW,RW,US,4
primates,SN,SN,US,4
elephant,ID,ID,US,4
leopard,BW,BW,US,4
primates,BW,BW,US,4
sea_fan,PC,PC,US,4
sea_fan,EC,EC,US,4
sea_fan,NP,NP,US,4
sea_fan,US,KR,US,4
sea_fan,US,GB,US,4
sea_fan,TZ,TZ,US,4
eels,HK,HK,US,4
shark_ray,DE,DE,US,4
sea_fan,BB,BB,US,4
shark_ray,BR,BR,US,4
abalone,US,BE,US,4
sea_fan,TT,TT,US,4
sea_fan,SA,SA,US,4
sea_fan,TO,CA,US,4
orchids,VN,VN,US,4
sea_fan,TO,HK,US,4
shark_ray,CN,CA,US,4
shark_ray,TH,HK,US,4
agarwood,AE,AE,US,4
sea_fan,SB,FR,US,4
birds,PE,RE,US,3
owl,CN,CN,US,3
birds,SE,SE,US,3
birds,NO,NO,US,3
birds,PE,US,US,3
birds,US,US,US,3
birds,AU,GB,US,3
owl,AU,AU,US,3
birds,IL,IL,US,3
birds,HU,HU,US,3
birds,SA,SA,US,3
birds,EG,EG,US,3
birds,HK,HK,US,3
birds,TT,TT,US,3
hornbill,LA,LA,US,3
birds,SN,SN,US,3
birds,US,PK,US,3
birds,PA,US,US,3
birds,MN,MN,US,3
birds,AT,AT,US,3
hornbill,PH,PH,US,3
birds,US,PA,US,3
owl,ID,ID,US,3
birds,US,PE,US,3
pythons_reptiles,TH,VN,US,3
pythons_reptiles,MY,CH,US,3
pythons_reptiles,ZW,TH,US,3
pythons_reptiles,TT,TT,US,3
pythons_reptiles,US,KY,US,3
monitor_lizard,TH,TH,US,3
pythons_reptiles,VN,XX,US,3
pythons_reptiles,US,SX,US,3
pythons_reptiles,LA,FR,US,3
pythons_reptiles,ZW,SG,US,3
pythons_reptiles,VN,MX,US,3
pythons_reptiles,SA,SA,US,3
pythons_reptiles,US,PT,US,3
pythons_reptiles,US,SE,US,3
turtles,VN,US,US,3
pythons_reptiles,US,KW,US,3
pythons_reptiles,TH,DE,US,3
pythons_reptiles,ZA,ES,US,3
pythons_reptiles,BO,ES,US,3
pythons_reptiles,ID,PT,US,3
pythons_reptiles,ID,NL,US,3
monitor_lizard,ID,CA,US,3
turtles,US,MX,US,3
pythons_reptiles,SG,HK,US,3
pythons_reptiles,CU,CU,US,3
pythons_reptiles,US,IL,US,3
turtles,EC,EC,US,3
monitor_lizard,ID,KR,US,3
pythons_reptiles,AU,SG,US,3
pythons_reptiles,US,ID,US,3
pythons_reptiles,PG,IT,US,3
monitor_lizard,CM,IT,US,3
monitor_lizard,SN,SN,US,3
turtles,CH,CH,US,3
pythons_reptiles,PG,FR,US,3
turtles,SL,SL,US,3
pythons_reptiles,US,SA,US,3
monitor_lizard,CH,CH,US,3
pythons_reptiles,SL,SL,US,3
turtles,LB,LB,US,3
pythons_reptiles,US,TW,US,3
monitor_lizard,SD,FR,US,3
pythons_reptiles,VN,CA,US,3
monitor_lizard,TD,KY,US,3
pythons_reptiles,ID,ZA,US,3
pythons_reptiles,MZ,ZA,US,3
monitor_lizard,ID,SG,US,3
pythons_reptiles,AU,JP,US,3
pythons_reptiles,NG,GH,US,3
pythons_reptiles,TH,SG,US,3
monitor_lizard,MY,HK,US,3
pythons_reptiles,CO,JP,US,3
pythons_reptiles,DK,DK,US,3
pythons_reptiles,MG,MG,US,3
pythons_reptiles,IT,PH,US,3
pythons_reptiles,VE,SG,US,3
monitor_lizard,ID,BR,US,3
bear,MN,MN,US,3
primates,TD,FR,US,3
elephant,IE,IE,US,3
leopard,KE,KE,US,3
elephant,CH,CH,US,3
musk_deer,CN,CA,US,3
elephant,GB,XX,US,3
jackal,TZ,TZ,US,3
tiger,IN,IN,US,3
elephant,AT,AT,US,3
jaguar,EC,EC,US,3
tiger,MX,MX,US,3
jackal,HR,HR,US,3
primates,KH,KH,US,3
musk_deer,CN,HK,US,3
elephant,GQ,GQ,US,3
leopard,MX,MX,US,3
bear,FI,FI,US,3
elephant,BW,ZW,US,3
rhino,LA,LA,US,3
elephant,CF,CF,US,3
leopard,LR,LR,US,3
elephant,IN,DE,US,3
bear,ID,ID,US,3
elephant,SA,SA,US,3
elephant,SD,SD,US,3
primates,VN,VN,US,3
tiger,NI,NI,US,3
leopard,UG,UG,US,3
elephant,RW,RW,US,3
elephant,ZA,GB,US,3
elephant,SN,SN,US,3
primates,JP,GB,US,3
leopard,BW,ZA,US,3
cheetah,ZA,ZA,US,3
cheetah,GB,GB,US,3
pangolin,CM,CM,US,3
primates,CG,CG,US,3
cheetah,CN,CN,US,3
primates,CD,CD,US,3
elephant,AU,AU,US,3
elephant,GR,GR,US,3
elephant,VN,US,US,3
primates,MU,ES,US,3
sea_fan,VG,VG,US,3
sea_fan,MA,MA,US,3
sea_fan,BZ,BZ,US,3
shark_ray,CI,CI,US,3
shark_ray,MY,MY,US,3
shark_ray,KH,KH,US,3
sea_fan,DO,DM,US,3
sea_fan,CR,CR,US,3
sea_fan,SB,IT,US,3
abalone,AU,CN,US,3
sea_fan,ES,ES,US,3
sea_fan,TW,CN,US,3
sea_fan,BR,BR,US,3
sea_fan,ID,SG,US,3
medicinal_plants,XX,XX,US,3
shark_ray,LA,LA,US,3
abalone,US,CA,US,3
shark_ray,IN,IN,US,3
sea_fan,TO,SG,US,3
abalone,IT,IT,US,3
sea_fan,IL,IL,US,3
abalone,IN,IN,US,3
shark_ray,BS,BS,US,3
sea_fan,VC,VC,US,3
orchids,CA,CA,US,3
agarwood,PK,PK,US,3
agarwood,NE,NE,US,3
shark_ray,HN,HN,US,3
shark_ray,MX,CA,US,3
carnivorous_plants,ID,ID,US,3
sea_fan,US,BS,US,3
birds,DE,DE,US,2
birds,ES,ES,US,2
birds,IS,IS,US,2
birds,GB,XX,US,2
birds,AU,CA,US,2
owl,CU,CU,US,2
owl,FR,FR,US,2
owl,NI,NI,US,2
birds,US,BZ,US,2
birds,AM,AM,US,2
birds,IN,IN,US,2
birds,SY,SY,US,2
birds,HT,HT,US,2
birds,YU,YU,US,2
birds,CU,XX,US,2
birds,GR,GR,US,2
birds,KE,ZA,US,2
hornbill,GB,GB,US,2
birds,SA,ZA,US,2
birds,IR,IR,US,2
birds,GA,GA,US,2
birds,UY,MX,US,2
birds,BW,BW,US,2
owl,US,BS,US,2
birds,IS,ID,US,2
birds,US,PH,US,2
birds,MY,MY,US,2
birds,MX,US,US,2
turtles,LC,LC,US,2
pythons_reptiles,MY,CN,US,2
turtles,MG,FR,US,2
monitor_lizard,TZ,TZ,US,2
pythons_reptiles,ZW,GB,US,2
pythons_reptiles,US,BS,US,2
pythons_reptiles,CO,AE,US,2
turtles,CN,CA,US,2
pythons_reptiles,KE,KE,US,2
pythons_reptiles,US,BL,US,2
pythons_reptiles,LT,LT,US,2
pythons_reptiles,CD,CD,US,2
monitor_lizard,HK,HK,US,2
pythons_reptiles,US,RO,US,2
pythons_reptiles,AU,NZ,US,2
monitor_lizard,FR,FR,US,2
pythons_reptiles,ZW,ES,US,2
turtles,US,XX,US,2
turtles,GB,XX,US,2
pythons_reptiles,IT,FR,US,2
pythons_reptiles,ZA,KR,US,2
pythons_reptiles,ZA,FR,US,2
pythons_reptiles,US,TR,US,2
monitor_lizard,ES,ES,US,2
pythons_reptiles,MZ,IT,US,2
pythons_reptiles,TH,JP,US,2
tokay_gecko,ID,TW,US,2
pythons_reptiles,ZA,SG,US,2
pythons_reptiles,SG,TR,US,2
turtles,SO,SO,US,2
pythons_reptiles,MY,TH,US,2
monitor_lizard,CM,CM,US,2
pythons_reptiles,VN,TR,US,2
pythons_reptiles,AR,VN,US,2
pythons_reptiles,ZA,AU,US,2
pythons_reptiles,ZA,CH,US,2
pythons_reptiles,PT,PT,US,2
turtles,SY,SY,US,2
turtles,AN,AN,US,2
monitor_lizard,US,CH,US,2
pythons_reptiles,MY,JP,US,2
turtles,EG,EG,US,2
pythons_reptiles,ZW,PH,US,2
pythons_reptiles,US,ZA,US,2
pythons_reptiles,BB,BB,US,2
turtles,IL,IL,US,2
turtles,MG,MG,US,2
turtles,AZ,AZ,US,2
turtles,IN,IN,US,2
pythons_reptiles,VE,VE,US,2
turtles,PR,PR,US,2
turtles,JM,JM,US,2
monitor_lizard,TG,TG,US,2
pythons_reptiles,ZW,HK,US,2
monitor_lizard,ML,FI,US,2
pythons_reptiles,SR,SR,US,2
monitor_lizard,CM,FR,US,2
pythons_reptiles,GQ,GQ,US,2
pythons_reptiles,AS,AS,US,2
pythons_reptiles,DO,DO,US,2
pythons_reptiles,MY,VI,US,2
monitor_lizard,ML,ES,US,2
pythons_reptiles,CN,HK,US,2
turtles,US,KR,US,2
monitor_lizard,ID,JP,US,2
pythons_reptiles,HN,HN,US,2
pythons_reptiles,SG,FR,US,2
monitor_lizard,ID,GB,US,2
pythons_reptiles,GR,GR,US,2
pythons_reptiles,MZ,HK,US,2
pythons_reptiles,US,PA,US,2
monitor_lizard,ML,ML,US,2
pythons_reptiles,CO,EC,US,2
pythons_reptiles,ZM,CH,US,2
pythons_reptiles,LA,LA,US,2
turtles,BS,AT,US,2
pythons_reptiles,ZA,DE,US,2
pythons_reptiles,MY,KR,US,2
pythons_reptiles,SD,IT,US,2
pythons_reptiles,CO,DE,US,2
monitor_lizard,TD,HK,US,2
pythons_reptiles,ID,LB,US,2
pythons_reptiles,US,TC,US,2
pythons_reptiles,TH,CH,US,2
pythons_reptiles,US,CR,US,2
turtles,AE,AE,US,2
pythons_reptiles,IL,IT,US,2
turtles,TR,TR,US,2
monitor_lizard,MY,MX,US,2
turtles,BO,BO,US,2
turtles,SB,SB,US,2
pythons_reptiles,ID,SA,US,2
turtles,CM,CM,US,2
pythons_reptiles,ZM,SG,US,2
pythons_reptiles,CO,KR,US,2
pythons_reptiles,ZA,TH,US,2
turtles,ZM,ZM,US,2
pythons_reptiles,BW,BW,US,2
turtles,CV,CV,US,2
turtles,TL,TL,US,2
pythons_reptiles,TL,TL,US,2
monitor_lizard,TL,TL,US,2
pythons_reptiles,US,LU,US,2
pythons_reptiles,AR,GB,US,2
pythons_reptiles,CG,CG,US,2
pythons_reptiles,PG,JP,US,2
pythons_reptiles,MY,CO,US,2
pythons_reptiles,KE,SG,US,2
monitor_lizard,ID,NL,US,2
monitor_lizard,ID,HK,US,2
pythons_reptiles,ZA,BR,US,2
monitor_lizard,MY,BR,US,2
leopard,CH,CH,US,2
wild_boar,CA,CA,US,2
pangolin,TH,TH,US,2
lion,KE,KE,US,2
primates,CM,CA,US,2
elephant,ZW,IT,US,2
lion,MZ,MZ,US,2
elephant,PE,PE,US,2
musk_deer,MY,MY,US,2
wild_boar,FR,FR,US,2
elephant,ZW,HK,US,2
bear,MX,MX,US,2
bear,CN,HK,US,2
jaguar,BR,BR,US,2
bear,LA,XX,US,2
bear,IT,IT,US,2
wild_boar,TH,TH,US,2
jaguar,PA,PA,US,2
primates,KR,KR,US,2
jaguar,CR,CR,US,2
elephant,MZ,DO,US,2
bear,NL,NL,US,2
lion,NG,NG,US,2
elephant,ZA,FR,US,2
primates,VN,CH,US,2
wild_boar,ES,ES,US,2
elephant,GH,NL,US,2
leopard,SA,SA,US,2
pangolin,MY,MX,US,2
bear,CN,VN,US,2
elephant,ZM,ZA,US,2
leopard,KH,KH,US,2
elephant,PK,PK,US,2
jaguar,NI,NI,US,2
wild_boar,LA,LA,US,2
leopard,IN,IN,US,2
elephant,CD,BE,US,2
wild_boar,BE,BE,US,2
bear,MY,MY,US,2
elephant,SL,SL,US,2
elephant,TG,TG,US,2
leopard,PH,PH,US,2
leopard,ID,ID,US,2
elephant,VE,VE,US,2
elephant,IL,IL,US,2
elephant,CO,CO,US,2
lion,XX,XX,US,2
primates,CF,CF,US,2
leopard,ZM,ZA,US,2
jaguar,VE,VE,US,2
elephant,LK,LK,US,2
elephant,MA,MA,US,2
leopard,CD,CD,US,2
wild_boar,US,CA,US,2
elephant,NL,NL,US,2
wild_boar,AR,AR,US,2
elephant,ZM,ZW,US,2
lion,ZM,ZM,US,2
rhino,CA,CA,US,2
primates,KN,KN,US,2
elephant,KW,KW,US,2
elephant,KR,KR,US,2
elephant,ZM,RO,US,2
bear,SG,SG,US,2
leopard,TZ,ZA,US,2
elephant,KE,BS,US,2
tiger,TH,VN,US,2
lion,CN,CN,US,2
elephant,TZ,PA,US,2
rhino,CZ,CZ,US,2
jackal,AF,AF,US,2
elephant,CF,FR,US,2
primates,NP,NP,US,2
elephant,ZM,NZ,US,2
bear,KR,VN,US,2
elephant,TH,VN,US,2
tiger,IN,KW,US,2
tiger,IN,GB,US,2
elephant,TZ,ZA,US,2
jaguar,CO,CO,US,2
elephant,AE,AE,US,2
rhino,MY,MY,US,2
wild_boar,GB,GB,US,2
wild_boar,MX,MX,US,2
medicinal_plants,KR,KR,US,2
sea_fan,TW,TH,US,2
abalone,JP,JP,US,2
sea_fan,PH,CA,US,2
medicinal_plants,PH,PH,US,2
medicinal_plants,TH,TH,US,2
medicinal_plants,VN,VN,US,2
cacti_succulents,US,CA,US,2
sea_fan,CX,CX,US,2
sea_fan,US,JP,US,2
abalone,KR,KR,US,2
eels,JP,CH,US,2
shark_ray,SV,SV,US,2
sea_fan,HN,HN,US,2
eels,CA,CA,US,2
sea_fan,AG,AG,US,2
orchids,PH,JP,US,2
sea_fan,VE,VE,US,2
shark_ray,US,CA,US,2
shark_ray,HT,HT,US,2
shark_ray,CN,DE,US,2
medicinal_plants,US,KR,US,2
shark_ray,MA,TH,US,2
sea_fan,AI,AI,US,2
shark_ray,ID,PH,US,2
sea_fan,US,TT,US,2
abalone,JP,DE,US,2
medicinal_plants,TW,TW,US,2
shark_ray,NZ,NZ,US,2
abalone,DE,DE,US,2
sea_fan,ID,CA,US,2
abalone,GB,GB,US,2
sea_fan,GR,GR,US,2
shark_ray,TH,IT,US,2
shark_ray,MO,MO,US,2
abalone,XX,XX,US,2
cacti_succulents,XX,XX,US,2
sea_fan,WS,WS,US,2
abalone,PE,PE,US,2
shark_ray,TH,MX,US,2
eels,IT,IT,US,2
sea_fan,AN,AN,US,2
sea_fan,CN,TH,US,2
eels,KR,MX,US,2
orchids,CN,VN,US,2
sea_fan,PA,PA,US,2
resins_gums,ZA,ZA,US,2
abalone,ID,MX,US,2
shark_ray,IN,ID,US,2
shark_ray,HK,VN,US,2
sea_fan,CN,GB,US,2
abalone,VN,VN,US,2
sea_fan,OM,OM,US,2
shark_ray,EC,CA,US,2
medicinal_plants,CA,CA,US,2
cacti_succulents,MX,MX,US,2
sea_fan,TW,IT,US,2
agarwood,ET,ET,US,2
sea_fan,ID,HK,US,2
abalone,SA,SA,US,2
abalone,AU,AU,US,2
shark_ray,ZA,ZA,US,2
sea_fan,BS,US,US,2
shark_ray,JM,JM,US,2
shark_ray,VN,US,US,2
sea_fan,MY,BE,US,2
eels,AE,AE,US,2
shark_ray,AE,AE,US,2
shark_ray,GB,GB,US,2
totoaba,MX,MX,US,2
shark_ray,CR,CR,US,2
shark_ray,DO,DO,US,2
sea_fan,US,KY,US,2
sea_fan,IR,IR,US,2
shark_ray,VN,JP,US,2
abalone,NZ,NZ,US,2
sea_fan,MY,HK,US,2
shark_ray,US,CH,US,2
birds,US,EC,US,1
birds,ZA,AE,US,1
owl,AR,AR,US,1
owl,HN,HN,US,1
owl,MN,MN,US,1
birds,PF,FR,US,1
owl,UY,UY,US,1
birds,PY,PY,US,1
birds,LR,LR,US,1
birds,NZ,NZ,US,1
owl,EC,EC,US,1
birds,PL,KZ,US,1
owl,GB,XX,US,1
birds,PE,ES,US,1
birds,PW,PE,US,1
birds,SE,DE,US,1
owl,US,PE,US,1
birds,MM,MM,US,1
birds,US,SN,US,1
birds,US,CO,US,1
owl,CZ,CZ,US,1
birds,VE,VE,US,1
owl,IT,IT,US,1
birds,UA,UA,US,1
birds,CR,DO,US,1
hornbill,CO,CO,US,1
birds,BS,BS,US,1
owl,EE,EE,US,1
owl,BR,BR,US,1
birds,ZR,ZR,US,1
birds,CV,CV,US,1
birds,PL,PL,US,1
birds,ZA,EG,US,1
birds,CZ,CZ,US,1
birds,UY,UY,US,1
birds,PT,PT,US,1
birds,US,BO,US,1
birds,CI,CI,US,1
owl,GT,GT,US,1
birds,AZ,AZ,US,1
hornbill,HK,HK,US,1
birds,AU,SA,US,1
birds,US,KR,US,1
birds,LB,LB,US,1
birds,MA,MA,US,1
birds,KR,KR,US,1
birds,KZ,KZ,US,1
birds,TZ,FR,US,1
birds,ZA,FR,US,1
birds,IN,GE,US,1
birds,GQ,GQ,US,1
owl,US,DE,US,1
birds,GB,DE,US,1
birds,JO,JO,US,1
birds,BZ,BZ,US,1
owl,TH,TH,US,1
hornbill,DE,DE,US,1
hornbill,TH,TH,US,1
birds,ZW,ZW,US,1
birds,QA,QA,US,1
birds,GH,BW,US,1
birds,TZ,TZ,US,1
hornbill,ID,IN,US,1
birds,CM,CM,US,1
owl,SA,ZA,US,1
birds,MK,MK,US,1
owl,UA,UA,US,1
birds,LC,LC,US,1
birds,US,EG,US,1
birds,KN,KN,US,1
birds,PG,PG,US,1
birds,AT,DE,US,1
owl,US,KE,US,1
owl,CR,CR,US,1
hornbill,ZA,ZA,US,1
hornbill,PG,PG,US,1
owl,US,GT,US,1
birds,US,GR,US,1
birds,US,CN,US,1
hornbill,XX,XX,US,1
birds,ID,GB,US,1
birds,IN,GB,US,1
birds,VE,GB,US,1
owl,US,CH,US,1
hornbill,ID,NZ,US,1
owl,SV,SV,US,1
birds,KW,KW,US,1
birds,US,GB,US,1
owl,BO,BO,US,1
owl,DO,DO,US,1
hornbill,PG,ID,US,1
birds,KY,KY,US,1
birds,CU,CA,US,1
birds,US,DO,US,1
birds,US,AE,US,1
owl,DK,DK,US,1
owl,BW,BW,US,1
birds,AO,AO,US,1
birds,US,EE,US,1
owl,AT,AT,US,1
birds,PH,PH,US,1
birds,AF,AF,US,1
pythons_reptiles,MN,MN,US,1
pythons_reptiles,PH,GB,US,1
turtles,VN,XX,US,1
pythons_reptiles,CM,BE,US,1
turtles,HK,VN,US,1
turtles,KM,MY,US,1
turtles,ET,MY,US,1
pythons_reptiles,ZA,MY,US,1
turtles,DM,DM,US,1
pythons_reptiles,US,BR,US,1
pythons_reptiles,KW,KW,US,1
pythons_reptiles,PG,SG,US,1
pythons_reptiles,NO,NO,US,1
turtles,MM,MM,US,1
monitor_lizard,MM,MM,US,1
monitor_lizard,ID,FR,US,1
turtles,PF,FR,US,1
turtles,NI,HT,US,1
pythons_reptiles,ZA,JP,US,1
pythons_reptiles,ID,TH,US,1
pythons_reptiles,PG,KR,US,1
monitor_lizard,SG,IT,US,1
turtles,IN,MY,US,1
pythons_reptiles,US,LV,US,1
pythons_reptiles,BO,MX,US,1
pythons_reptiles,PY,BO,US,1
turtles,CD,CD,US,1
pythons_reptiles,ES,GB,US,1
tokay_gecko,JP,JP,US,1
pythons_reptiles,US,GR,US,1
pythons_reptiles,VE,PK,US,1
pythons_reptiles,GB,XX,US,1
turtles,UY,UY,US,1
pythons_reptiles,US,CZ,US,1
turtles,AW,AW,US,1
pythons_reptiles,FR,GB,US,1
pythons_reptiles,ZW,PT,US,1
pythons_reptiles,US,VN,US,1
pythons_reptiles,VN,EE,US,1
pythons_reptiles,AT,AT,US,1
pythons_reptiles,PE,PF,US,1
pythons_reptiles,SD,XX,US,1
pythons_reptiles,MW,MW,US,1
turtles,CN,XX,US,1
pythons_reptiles,HU,HU,US,1
turtles,TG,GH,US,1
turtles,BJ,GH,US,1
turtles,KI,KI,US,1
turtles,PT,PT,US,1
pythons_reptiles,ID,DE,US,1
pythons_reptiles,CO,KE,US,1
pythons_reptiles,VN,VE,US,1
turtles,UZ,UZ,US,1
pythons_reptiles,BO,XX,US,1
monitor_lizard,AU,AU,US,1
pythons_reptiles,US,LT,US,1
tokay_gecko,US,US,US,1
monitor_lizard,PG,FR,US,1
turtles,KN,US,US,1
pythons_reptiles,CO,XX,US,1
monitor_lizard,MY,CO,US,1
pythons_reptiles,CW,CW,US,1
pythons_reptiles,ZA,XX,US,1
pythons_reptiles,MW,IT,US,1
pythons_reptiles,VN,LT,US,1
pythons_reptiles,TG,US,US,1
pythons_reptiles,TD,TD,US,1
monitor_lizard,TD,TD,US,1
pythons_reptiles,US,UA,US,1
pythons_reptiles,UA,UA,US,1
pythons_reptiles,GM,GM,US,1
pythons_reptiles,PW,PW,US,1
tokay_gecko,SG,SG,US,1
pythons_reptiles,TD,FR,US,1
monitor_lizard,MO,MO,US,1
pythons_reptiles,ZW,AU,US,1
pythons_reptiles,US,GH,US,1
turtles,NL,NL,US,1
pythons_reptiles,US,TK,US,1
pythons_reptiles,ID,VN,US,1
pythons_reptiles,TW,CN,US,1
turtles,ID,ZA,US,1
pythons_reptiles,NZ,CA,US,1
pythons_reptiles,ID,PL,US,1
tokay_gecko,VN,MY,US,1
pythons_reptiles,GH,ZA,US,1
monitor_lizard,NG,ES,US,1
pythons_reptiles,CU,ES,US,1
monitor_lizard,SD,ES,US,1
monitor_lizard,ML,DE,US,1
monitor_lizard,ML,GB,US,1
pythons_reptiles,MY,DE,US,1
pythons_reptiles,US,MC,US,1
pythons_reptiles,TZ,IT,US,1
pythons_reptiles,NI,DE,US,1
monitor_lizard,CM,DE,US,1
pythons_reptiles,SE,SN,US,1
turtles,KY,AR,US,1
pythons_reptiles,AO,AO,US,1
monitor_lizard,ID,PH,US,1
turtles,UA,UA,US,1
turtles,CO,XX,US,1
monitor_lizard,US,IT,US,1
pythons_reptiles,LR,XX,US,1
turtles,ZA,IT,US,1
pythons_reptiles,PG,CH,US,1
turtles,CO,DO,US,1
pythons_reptiles,ES,KR,US,1
pythons_reptiles,CO,DK,US,1
pythons_reptiles,US,AR,US,1
turtles,MX,XX,US,1
pythons_reptiles,KP,LA,US,1
pythons_reptiles,KP,KR,US,1
pythons_reptiles,CR,CR,US,1
turtles,KR,VN,US,1
tokay_gecko,KR,KR,US,1
pythons_reptiles,LR,LR,US,1
turtles,ID,NL,US,1
pythons_reptiles,BO,CH,US,1
pythons_reptiles,SY,SY,US,1
pythons_reptiles,TH,LB,US,1
pythons_reptiles,BM,BM,US,1
pythons_reptiles,NE,NE,US,1
turtles,AM,AM,US,1
turtles,MG,TH,US,1
turtles,IN,TH,US,1
turtles,US,NI,US,1
monitor_lizard,NI,NI,US,1
pythons_reptiles,ET,ET,US,1
pythons_reptiles,LR,GH,US,1
pythons_reptiles,AU,CH,US,1
monitor_lizard,NG,DE,US,1
turtles,MD,MD,US,1
turtles,BA,BA,US,1
turtles,VU,VU,US,1
turtles,KN,KN,US,1
turtles,PF,PF,US,1
pythons_reptiles,VE,CA,US,1
turtles,CY,CY,US,1
monitor_lizard,ML,LI,US,1
pythons_reptiles,VE,GB,US,1
turtles,IN,CN,US,1
pythons_reptiles,AU,GR,US,1
monitor_lizard,ID,CN,US,1
turtles,BD,BD,US,1
pythons_reptiles,VE,DE,US,1
turtles,MH,MH,US,1
turtles,ZW,ZW,US,1
monitor_lizard,DE,DE,US,1
monitor_lizard,MY,CH,US,1
pythons_reptiles,US,VE,US,1
pythons_reptiles,AN,AN,US,1
pythons_reptiles,AU,MY,US,1
turtles,GY,CA,US,1
pythons_reptiles,SD,CH,US,1
pythons_reptiles,ID,PH,US,1
pythons_reptiles,GF,GF,US,1
pythons_reptiles,GP,GP,US,1
pythons_reptiles,VN,PT,US,1
monitor_lizard,MY,JP,US,1
monitor_lizard,JP,JP,US,1
pythons_reptiles,MZ,CH,US,1
monitor_lizard,BJ,GH,US,1
turtles,PE,MX,US,1
monitor_lizard,NG,GH,US,1
pythons_reptiles,TH,KR,US,1
tokay_gecko,MX,MX,US,1
pythons_reptiles,VN,DE,US,1
tokay_gecko,CN,VN,US,1
monitor_lizard,CM,JP,US,1
monitor_lizard,CH,GB,US,1
turtles,AI,AI,US,1
pythons_reptiles,ZW,MX,US,1
pythons_reptiles,AW,AW,US,1
pythons_reptiles,SV,CH,US,1
pythons_reptiles,MG,ZA,US,1
pythons_reptiles,ID,KW,US,1
pythons_reptiles,CD,FR,US,1
monitor_lizard,SB,SB,US,1
turtles,ET,ET,US,1
pythons_reptiles,SG,CH,US,1
tokay_gecko,AE,AE,US,1
pythons_reptiles,GH,CA,US,1
pythons_reptiles,CN,SG,US,1
turtles,BH,BH,US,1
monitor_lizard,SD,HK,US,1
monitor_lizard,US,CR,US,1
turtles,DJ,DJ,US,1
turtles,BZ,BR,US,1
pythons_reptiles,ID,MY,US,1
monitor_lizard,CN,CN,US,1
monitor_lizard,CM,DK,US,1
turtles,TC,TC,US,1
pythons_reptiles,US,NZ,US,1
pythons_reptiles,ZA,GB,US,1
turtles,TH,CA,US,1
pythons_reptiles,AR,FR,US,1
pythons_reptiles,VE,HK,US,1
turtles,AG,AG,US,1
pythons_reptiles,ID,AU,US,1
turtles,MZ,MZ,US,1
pythons_reptiles,BO,HK,US,1
pythons_reptiles,SG,BR,US,1
pythons_reptiles,NG,ZA,US,1
pythons_reptiles,ZA,HK,US,1
pythons_reptiles,VN,SA,US,1
turtles,NZ,NZ,US,1
pythons_reptiles,ID,AE,US,1
pythons_reptiles,ZW,TW,US,1
pythons_reptiles,PG,TW,US,1
turtles,PA,PA,US,1
turtles,AL,AL,US,1
pythons_reptiles,VN,PH,US,1
pythons_reptiles,CH,GB,US,1
turtles,IE,IE,US,1
monitor_lizard,NG,IT,US,1
pythons_reptiles,CH,SG,US,1
pythons_reptiles,ZA,PH,US,1
turtles,US,GH,US,1
turtles,CN,CI,US,1
monitor_lizard,PH,PH,US,1
pythons_reptiles,MY,SG,US,1
pythons_reptiles,TZ,GB,US,1
monitor_lizard,ID,DE,US,1
turtles,CU,CA,US,1
monitor_lizard,SD,DE,US,1
pythons_reptiles,MZ,ZW,US,1
pythons_reptiles,PG,ID,US,1
pythons_reptiles,US,BM,US,1
pythons_reptiles,TH,TR,US,1
monitor_lizard,AR,IT,US,1
pythons_reptiles,CY,CY,US,1
pythons_reptiles,SD,GB,US,1
pythons_reptiles,ZA,MX,US,1
pythons_reptiles,MZ,FR,US,1
pythons_reptiles,BJ,GH,US,1
pythons_reptiles,PG,KW,US,1
pythons_reptiles,VN,BE,US,1
monitor_lizard,CN,GB,US,1
turtles,US,GB,US,1
turtles,RU,RU,US,1
pythons_reptiles,CN,TH,US,1
turtles,US,FI,US,1
pythons_reptiles,US,LB,US,1
monitor_lizard,TD,KR,US,1
pythons_reptiles,IN,GB,US,1
pythons_reptiles,US,CO,US,1
pythons_reptiles,TH,BE,US,1
pythons_reptiles,AU,VN,US,1
tokay_gecko,CA,CA,US,1
pythons_reptiles,PL,PL,US,1
turtles,KE,KE,US,1
pythons_reptiles,VN,ZA,US,1
pythons_reptiles,US,CW,US,1
pythons_reptiles,AU,BE,US,1
pythons_reptiles,LA,DO,US,1
pythons_reptiles,MY,RO,US,1
pythons_reptiles,US,SI,US,1
pythons_reptiles,VN,AT,US,1
pythons_reptiles,CN,FR,US,1
pythons_reptiles,CO,SA,US,1
pythons_reptiles,US,MU,US,1
monitor_lizard,CI,CI,US,1
monitor_lizard,ID,CO,US,1
pythons_reptiles,ZW,KR,US,1
pythons_reptiles,ZM,TH,US,1
pythons_reptiles,ID,CO,US,1
pythons_reptiles,IT,CH,US,1
turtles,MX,MC,US,1
turtles,ES,ES,US,1
pythons_reptiles,AU,MA,US,1
pythons_reptiles,LA,TR,US,1
turtles,ZA,CN,US,1
pythons_reptiles,IN,IN,US,1
turtles,US,US,US,1
pythons_reptiles,SZ,SZ,US,1
pythons_reptiles,ZM,JP,US,1
pythons_reptiles,ZM,RU,US,1
monitor_lizard,BW,BW,US,1
pythons_reptiles,CO,TW,US,1
pythons_reptiles,VN,AE,US,1
pythons_reptiles,MY,CA,US,1
pythons_reptiles,FR,CH,US,1
pythons_reptiles,GN,KW,US,1
pythons_reptiles,KH,VN,US,1
tokay_gecko,VN,JP,US,1
turtles,TN,UG,US,1
pythons_reptiles,CH,MY,US,1
pythons_reptiles,ID,GR,US,1
pythons_reptiles,IT,HK,US,1
pythons_reptiles,VN,TH,US,1
wild_boar,KH,KH,US,1
lion,ZA,ET,US,1
tiger,IN,AE,US,1
elephant,TZ,KE,US,1
elephant,CM,CD,US,1
musk_deer,CN,VN,US,1
cheetah,KE,KE,US,1
musk_deer,CA,CA,US,1
wild_boar,CN,CN,US,1
musk_deer,NP,BH,US,1
elephant,ZW,NG,US,1
elephant,CN,LA,US,1
elephant,DE,DK,US,1
primates,CN,CH,US,1
primates,PT,PT,US,1
primates,SN,BE,US,1
jackal,RO,RO,US,1
bear,TH,KR,US,1
primates,BR,BR,US,1
jaguar,PE,CO,US,1
elephant,BW,ES,US,1
tiger,IE,IE,US,1
tiger,SA,SA,US,1
bear,SE,SE,US,1
leopard,BL,BL,US,1
bear,CA,GB,US,1
wild_boar,CA,GB,US,1
elephant,SD,XX,US,1
tiger,MN,MN,US,1
lion,EC,EC,US,1
primates,GB,XX,US,1
elephant,ZA,XX,US,1
tiger,VN,US,US,1
elephant,IN,IN,US,1
jackal,IN,XX,US,1
bear,UA,UA,US,1
bear,CA,US,US,1
tiger,TH,AU,US,1
jackal,ZA,ZA,US,1
bear,HR,SI,US,1
primates,IN,NL,US,1
leopard,GB,XX,US,1
leopard,PE,PE,US,1
elephant,ZA,CA,US,1
pangolin,GA,GA,US,1
wild_boar,US,BO,US,1
tiger,NG,NG,US,1
primates,NL,NL,US,1
tiger,KP,CN,US,1
bear,MM,MM,US,1
lion,CZ,CZ,US,1
tiger,VN,KH,US,1
leopard,GA,GA,US,1
lion,ZA,BM,US,1
musk_deer,VN,VN,US,1
primates,US,KR,US,1
musk_deer,SG,SG,US,1
pangolin,SG,SG,US,1
primates,ET,ZA,US,1
cheetah,CG,CG,US,1
elephant,GM,BE,US,1
primates,MX,MX,US,1
jaguar,BR,PE,US,1
primates,NL,CH,US,1
primates,DE,CH,US,1
primates,PH,CH,US,1
primates,UA,UA,US,1
leopard,SZ,SZ,US,1
leopard,KW,KW,US,1
leopard,GN,GN,US,1
primates,CG,KE,US,1
primates,US,KH,US,1
elephant,BI,BE,US,1
elephant,CR,CR,US,1
leopard,CH,CN,US,1
jaguar,LR,LR,US,1
elephant,TZ,HN,US,1
pangolin,MX,MX,US,1
leopard,MY,MY,US,1
elephant,ZA,DE,US,1
leopard,ZW,ZM,US,1
wild_boar,LA,XX,US,1
primates,CM,FR,US,1
leopard,CM,CM,US,1
elephant,RU,HK,US,1
elephant,IR,IR,US,1
elephant,MZ,MX,US,1
elephant,NP,NP,US,1
elephant,ZW,ZM,US,1
bear,ID,TH,US,1
bear,US,TH,US,1
elephant,RO,RO,US,1
bear,TW,TW,US,1
elephant,MZ,ZA,US,1
bear,RU,MX,US,1
tiger,DE,FR,US,1
elephant,ZA,NG,US,1
jaguar,GR,GR,US,1
elephant,BG,BG,US,1
leopard,CN,TW,US,1
elephant,ZW,JP,US,1
cheetah,MX,MX,US,1
bear,AM,AM,US,1
primates,VN,ID,US,1
primates,MU,CA,US,1
jaguar,SV,SV,US,1
wild_boar,TW,TW,US,1
leopard,SA,ZA,US,1
tiger,AR,AR,US,1
leopard,BT,BT,US,1
tiger,CN,KH,US,1
primates,KE,TZ,US,1
elephant,NG,ET,US,1
tiger,VN,TH,US,1
primates,NG,NG,US,1
musk_deer,HK,HK,US,1
elephant,CD,ZR,US,1
elephant,GN,GN,US,1
primates,BZ,BZ,US,1
wild_boar,PG,ID,US,1
bear,US,ES,US,1
elephant,CD,CA,US,1
wild_boar,XX,XX,US,1
elephant,CD,HT,US,1
primates,GN,GN,US,1
primates,MZ,ZW,US,1
elephant,ZA,IL,US,1
elephant,CG,FR,US,1
leopard,CG,FR,US,1
rhino,MO,MO,US,1
elephant,JM,JM,US,1
leopard,SY,SY,US,1
leopard,GM,GM,US,1
leopard,BD,BD,US,1
tiger,SG,SG,US,1
lion,DE,DE,US,1
leopard,UG,SA,US,1
wild_boar,PH,PH,US,1
bear,CN,JP,US,1
elephant,ZW,XX,US,1
lion,ZM,ZA,US,1
wild_boar,DE,DE,US,1
lion,VE,VE,US,1
elephant,GA,CZ,US,1
elephant,ZA,HK,US,1
elephant,MM,MM,US,1
elephant,MY,MY,US,1
leopard,NI,NI,US,1
jaguar,BR,CN,US,1
elephant,ZA,AR,US,1
primates,GT,GT,US,1
elephant,TZ,FR,US,1
elephant,ID,NL,US,1
primates,ID,DE,US,1
tiger,TH,CN,US,1
cheetah,CD,CD,US,1
lion,AU,AU,US,1
tiger,AU,AU,US,1
wild_boar,JP,IT,US,1
leopard,CN,KR,US,1
leopard,ML,ML,US,1
jackal,ET,ET,US,1
lion,GH,GH,US,1
rhino,ZA,MX,US,1
primates,US,GT,US,1
tiger,HU,HU,US,1
elephant,CN,CA,US,1
tiger,IN,CA,US,1
tiger,CN,LA,US,1
tiger,CN,JP,US,1
elephant,US,HK,US,1
leopard,CN,XX,US,1
leopard,TW,TW,US,1
elephant,ZW,EC,US,1
leopard,DE,DE,US,1
leopard,LA,LA,US,1
bear,CN,CA,US,1
elephant,MZ,PT,US,1
leopard,KR,KR,US,1
primates,ID,IN,US,1
primates,MY,IN,US,1
leopard,CN,CA,US,1
bear,FI,GB,US,1
leopard,ZW,IE,US,1
leopard,AT,AT,US,1
leopard,CN,PT,US,1
elephant,NG,RU,US,1
cheetah,XX,XX,US,1
leopard,JP,JP,US,1
wild_boar,AT,AT,US,1
elephant,NG,XX,US,1
elephant,JO,JO,US,1
primates,ID,CN,US,1
primates,VN,CA,US,1
elephant,SY,SY,US,1
primates,JP,JP,US,1
elephant,CD,FR,US,1
bear,FR,FR,US,1
primates,FR,FR,US,1
jackal,KW,KW,US,1
bear,DE,DE,US,1
primates,VN,DK,US,1
primates,MZ,MZ,US,1
tiger,LA,CA,US,1
jaguar,DE,DE,US,1
tiger,TH,CA,US,1
elephant,CD,CD,US,1
elephant,BW,CA,US,1
elephant,ZW,PH,US,1
lion,ZA,GB,US,1
tiger,ZA,GB,US,1
tiger,US,CA,US,1
tiger,IN,AU,US,1
elephant,KE,CH,US,1
primates,CN,BE,US,1
elephant,HN,HN,US,1
tiger,CN,KR,US,1
cheetah,HK,HK,US,1
primates,IL,IL,US,1
leopard,CG,CG,US,1
tiger,CN,CI,US,1
pangolin,ID,ID,US,1
wild_boar,US,MX,US,1
primates,MU,IT,US,1
lion,TH,TH,US,1
lion,TZ,TH,US,1
musk_deer,CH,CN,US,1
tiger,KE,KE,US,1
rhino,VS,YE,US,1
tiger,ZW,ZW,US,1
primates,VS,KR,US,1
elephant,PT,PT,US,1
bear,PE,PE,US,1
elephant,CG,AU,US,1
elephant,SD,ER,US,1
elephant,CG,BE,US,1
elephant,KE,CA,US,1
elephant,TH,KR,US,1
elephant,HK,NZ,US,1
elephant,VS,NL,US,1
leopard,IR,IR,US,1
lion,TZ,ZA,US,1
elephant,ZA,AU,US,1
jaguar,PY,PY,US,1
primates,DE,DE,US,1
elephant,ZW,GR,US,1
elephant,ZW,CA,US,1
elephant,DK,DK,US,1
pangolin,GN,TH,US,1
leopard,CR,CR,US,1
bear,US,GB,US,1
leopard,TZ,KE,US,1
rhino,FR,FR,US,1
wild_boar,ID,ID,US,1
lion,CM,CM,US,1
tiger,NL,NL,US,1
lion,FR,FR,US,1
primates,ZW,ZA,US,1
leopard,IN,GB,US,1
elephant,GE,GE,US,1
primates,CN,DE,US,1
bear,CL,CL,US,1
leopard,AE,AE,US,1
primates,ID,SG,US,1
musk_deer,RU,KR,US,1
elephant,TD,FR,US,1
primates,SG,SG,US,1
primates,DO,DO,US,1
elephant,CM,ZA,US,1
bear,SG,CA,US,1
elephant,TZ,NL,US,1
elephant,ML,FR,US,1
lion,ML,FR,US,1
elephant,EG,EG,US,1
bear,CN,DE,US,1
elephant,VS,CA,US,1
elephant,ZA,IT,US,1
bear,DK,DK,US,1
primates,VN,ES,US,1
primates,VN,DE,US,1
tiger,MY,VN,US,1
tiger,DE,DE,US,1
bear,HU,HU,US,1
elephant,ZM,IN,US,1
bear,US,US,US,1
leopard,IN,IT,US,1
tiger,IN,IT,US,1
elephant,ZA,MX,US,1
primates,KH,JP,US,1
leopard,NP,NP,US,1
tiger,KH,PE,US,1
tiger,CN,HK,US,1
elephant,SD,AE,US,1
elephant,MN,MN,US,1
lion,US,US,US,1
elephant,US,XX,US,1
rhino,ID,ID,US,1
elephant,SD,US,US,1
primates,PA,PA,US,1
pangolin,LR,LR,US,1
bear,TH,US,US,1
primates,US,GB,US,1
lion,ET,ET,US,1
bear,GB,GB,US,1
bear,RU,LT,US,1
elephant,CG,CA,US,1
elephant,TH,IR,US,1
primates,ZA,GB,US,1
primates,US,PA,US,1
tiger,PH,PH,US,1
elephant,BY,BY,US,1
tiger,FR,BE,US,1
abalone,MX,KR,US,1
sea_fan,CU,CU,US,1
medicinal_plants,MO,MO,US,1
sea_fan,TW,JP,US,1
sea_fan,MG,MG,US,1
sea_fan,AS,AS,US,1
sea_fan,VN,TH,US,1
shark_ray,TH,CN,US,1
shark_ray,KR,CN,US,1
sea_fan,FM,KR,US,1
shark_ray,MX,IT,US,1
sea_fan,MA,MH,US,1
sea_fan,JP,AU,US,1
sea_fan,PH,FR,US,1
sea_fan,TH,FR,US,1
sea_fan,GD,GD,US,1
sea_fan,CU,CA,US,1
abalone,JP,HK,US,1
medicinal_plants,ID,ID,US,1
sea_fan,GY,GY,US,1
eels,CN,HK,US,1
shark_ray,LK,TW,US,1
sea_fan,PH,CN,US,1
sea_fan,UG,UG,US,1
shark_ray,US,AG,US,1
rosewood,KR,KR,US,1
sea_fan,PH,PT,US,1
shark_ray,ID,HK,US,1
sea_fan,AR,AR,US,1
shark_ray,GE,GE,US,1
shark_ray,US,HK,US,1
sea_fan,CN,KR,US,1
eels,JP,IT,US,1
sea_fan,AU,NZ,US,1
shark_ray,ID,KR,US,1
sea_fan,VS,TH,US,1
eels,XX,XX,US,1
sea_fan,CH,CH,US,1
sea_fan,PT,PT,US,1
sea_fan,CY,CY,US,1
sea_fan,AU,HK,US,1
orchids,MY,MY,US,1
shark_ray,CN,LA,US,1
sea_fan,US,VN,US,1
abalone,ID,CA,US,1
sea_fan,HK,FM,US,1
sea_fan,LA,LA,US,1
sea_fan,CN,TW,US,1
sea_fan,PH,TW,US,1
sea_fan,CR,CA,US,1
orchids,ID,ID,US,1
sea_fan,FJ,SG,US,1
shark_ray,BE,BE,US,1
abalone,CN,CA,US,1
sea_fan,MH,FM,US,1
sea_fan,AU,SG,US,1
sea_fan,PH,QA,US,1
sea_fan,JP,FM,US,1
shark_ray,CN,XX,US,1
eels,CN,CN,US,1
sea_fan,AE,AE,US,1
sea_fan,AE,AU,US,1
sea_fan,NC,NC,US,1
sea_fan,US,TW,US,1
sea_fan,SD,SD,US,1
orchids,MX,MX,US,1
abalone,SG,SG,US,1
eels,DK,DK,US,1
sea_fan,ID,TH,US,1
abalone,MG,MG,US,1
sea_fan,YE,YE,US,1
sea_fan,IT,JM,US,1
sea_fan,ID,TW,US,1
abalone,TO,TO,US,1
sea_fan,MH,KR,US,1
shark_ray,CN,PH,US,1
sea_fan,CL,CL,US,1
sea_fan,CN,PE,US,1
shark_ray,KE,KE,US,1
sea_fan,ID,MX,US,1
sea_fan,GH,GH,US,1
sea_fan,CN,SG,US,1
abalone,AU,IT,US,1
sea_fan,CN,DE,US,1
sea_fan,IN,HK,US,1
eels,GB,GB,US,1
abalone,NZ,PH,US,1
sea_fan,US,MX,US,1
orchids,BR,BR,US,1
cacti_succulents,VN,VN,US,1
abalone,IE,IE,US,1
abalone,NZ,HK,US,1
orchids,PG,PG,US,1
sea_fan,US,PH,US,1
medicinal_plants,CN,CA,US,1
shark_ray,CN,CI,US,1
sea_fan,PW,FM,US,1
shark_ray,CN,US,US,1
sea_fan,TW,CA,US,1
sea_fan,JP,CN,US,1
sea_fan,PH,KR,US,1
abalone,US,PH,US,1
sea_fan,TW,MY,US,1
sea_fan,DJ,DJ,US,1
shark_ray,TR,TR,US,1
sea_fan,TO,NZ,US,1
sea_fan,MM,MM,US,1
medicinal_plants,US,CA,US,1
orchids,IN,IN,US,1
shark_ray,MH,MH,US,1
sea_fan,DO,TW,US,1
sea_fan,ID,CN,US,1
shark_ray,AU,KW,US,1
agarwood,VN,VN,US,1
sea_fan,ID,AU,US,1
sea_fan,JP,AE,US,1
sea_fan,LC,LC,US,1
agarwood,CN,VN,US,1
sea_fan,JP,FR,US,1
agarwood,OM,OM,US,1
shark_ray,CN,CH,US,1
sea_fan,AU,CN,US,1
agarwood,HK,HK,US,1
cacti_succulents,US,JO,US,1
agarwood,NP,IN,US,1
sea_fan,CF,CF,US,1
sea_fan,GR,TH,US,1
red_sanders,NP,NP,US,1
sea_fan,JO,JO,US,1
shark_ray,MX,PY,US,1
sea_fan,BO,BO,US,1
resins_gums,CN,CN,US,1
cacti_succulents,CN,CN,US,1
resins_gums,FR,FR,US,1
sea_fan,CN,ID,US,1
red_sanders,NE,NE,US,1
abalone,ID,US,US,1
sea_fan,JP,IN,US,1
shark_ray,AU,KR,US,1
orchids,CR,CR,US,1
abalone,MX,CO,US,1
agarwood,TZ,TZ,US,1
shark_ray,HK,RO,US,1
sea_fan,JP,ES,US,1
agarwood,GB,GB,US,1
abalone,EG,EG,US,1
shark_ray,VU,AU,US,1
rosewood,BR,IT,US,1
abalone,AE,AE,US,1
abalone,ZA,ZA,US,1
agarwood,CA,CA,US,1
sea_fan,MX,MC,US,1
abalone,ID,GB,US,1
abalone,PK,PK,US,1
sea_fan,CO,CO,US,1
sea_fan,TW,IN,US,1
shark_ray,WS,WS,US,1
sea_fan,RW,RW,US,1
sea_fan,PH,DE,US,1
shark_ray,NI,NI,US,1
orchids,MY,VN,US,1
totoaba,MX,CR,US,1
sea_fan,US,HK,US,1
sea_fan,MZ,MZ,US,1
abalone,FR,FR,US,1
shark_ray,CN,CO,US,1
sea_fan,ID,TO,US,1
cacti_succulents,CA,CA,US,1
sea_fan,US,NL,US,1
eels,US,HK,US,1
shark_ray,TT,TT,US,1
sea_fan,SV,SV,US,1
sea_fan,US,XX,US,1
shark_ray,CO,HK,US,1
eels,FR,FR,US,1
rosewood,TH,TH,US,1
eels,CH,CH,US,1
sea_fan,CV,US,US,1
medicinal_plants,US,CH,US,1
medicinal_plants,CH,CH,US,1
agarwood,NP,NP,US,1
rosewood,FR,FR,US,1
