species_group,country,ecosolve_adverts,wildtrace_cases,adverts_per_case
bear,TH,1303,0,
birds,TH,1046,0,
birds,ID,859,0,
elephant,MX,380,0,
birds,NP,312,0,
birds,CZ,283,0,
lion,MX,211,0,
leopard,ZA,163,0,
birds,NG,158,0,
pythons_reptiles,NG,158,0,
elephant,BR,150,0,
turtles,CZ,148,0,
bear,ID,121,0,
shark_ray,CM,96,0,
birds,JO,96,0,
lion,IN,71,0,
elephant,LB,69,0,
pythons_reptiles,CM,60,0,
shark_ray,ZA,57,0,
tiger,LK,50,0,
elephant,LK,49,0,
monitor_lizard,NG,48,0,
amphibians,MX,47,0,
monitor_lizard,MX,45,0,
monitor_lizard,CZ,44,0,
lion,NG,44,0,
birds,LK,41,0,
shark_ray,IN,40,0,
elephant,CZ,40,0,
lion,ZA,33,0,
pythons_reptiles,CO,32,0,
owl,MX,32,0,
pangolin,MX,28,0,
lion,TH,27,0,
pythons_reptiles,CZ,26,0,
birds,EG,24,0,
birds,AF,24,0,
rhino,CM,23,0,
turtles,NG,20,0,
birds,CO,1180,1,1180.0
elephant,TH,2917,4,729.2
tiger,TH,2232,3,744.0
birds,ZA,1112,2,556.0
pangolin,TH,737,1,737.0
elephant,ZA,538,1,538.0
elephant,ID,800,2,400.0
primates,CO,498,1,498.0
monitor_lizard,TH,740,2,370.0
primates,MX,581,2,290.5
shark_ray,ID,684,4,171.0
tiger,MX,241,1,241.0
birds,MX,1084,8,135.5
birds,BD,228,1,228.0
tiger,ID,397,3,132.3
pythons_reptiles,BR,172,1,172.0
jaguar,MX,228,2,114.0
sea_fan,IN,147,1,147.0
turtles,TH,541,7,77.3
monitor_lizard,ID,400,5,80.0
musk_deer,IN,452,6,75.3
turtles,CO,423,6,70.5
shark_ray,CO,119,1,119.0
hornbill,TH,108,1,108.0
shark_ray,BR,308,5,61.6
pangolin,CM,96,1,96.0
birds,CM,93,1,93.0
shark_ray,MX,131,2,65.5
leopard,TH,85,1,85.0
monitor_lizard,IN,408,11,37.1
primates,ID,215,6,35.8
turtles,ID,335,11,30.5
birds,IN,681,24,28.4
primates,NG,79,2,39.5
primates,CM,45,1,45.0
pangolin,NG,239,10,23.9
elephant,NG,63,2,31.5
rhino,TH,86,4,21.5
sea_fan,LK,32,1,32.0
pythons_reptiles,ZA,45,2,22.5
sea_fan,TH,30,1,30.0
elephant,CM,28,1,28.0
amphibians,IN,25,1,25.0
turtles,MX,88,8,11.0
jaguar,BR,25,3,8.3
pangolin,ZA,25,4,6.2
hornbill,ID,33,6,5.5
birds,BR,351,98,3.6
pangolin,ID,88,26,3.4
pythons_reptiles,IN,34,11,3.1
primates,IN,30,13,2.3
turtles,IN,88,55,1.6
tiger,IN,45,28,1.6
turtles,BR,23,18,1.3
