species_group,viruses_confirmed,same_virus_as_in_people,close_relatives_of_human_viruses,coronaviridae,paramyxoviridae,orthomyxoviridae,flaviviridae,poxviridae,filoviridae,rhabdoviridae,retroviridae,picornaviridae,hantaviridae,herpesviridae,hepeviridae
bear,74,17,31,2,1,1,1,0,0,1,0,2,0,0,1
birds,463,43,150,11,1,3,11,0,0,0,1,2,0,0,0
cheetah,13,4,11,1,0,1,0,1,0,0,1,0,0,0,0
eels,23,0,3,0,0,0,0,0,0,0,0,0,0,0,0
elephant,28,5,6,0,0,0,0,1,0,1,0,2,0,0,0
hornbill,3,2,2,0,0,0,2,0,0,0,0,0,0,0,0
jackal,6,4,6,0,1,0,0,0,0,1,0,1,0,0,0
jaguar,5,3,4,0,0,0,0,0,0,0,1,0,0,0,0
leopard,15,5,11,1,2,1,0,0,0,1,2,0,0,0,1
lion,30,15,23,2,2,1,1,1,0,1,1,0,0,0,0
mongoose,13,3,9,0,0,0,0,0,0,1,0,0,0,0,1
monitor_lizard,2,0,0,0,0,0,0,0,0,0,0,0,0,0,0
musk_deer,3,2,1,0,0,0,0,0,0,0,0,0,0,0,0
owl,38,10,20,3,1,1,3,0,0,0,0,0,0,0,0
pangolin,31,4,17,1,2,0,1,0,0,0,0,0,0,0,0
primates,1033,160,588,9,11,2,12,9,5,1,32,39,1,16,1
pythons_reptiles,40,3,7,0,0,1,1,0,0,0,0,0,0,0,0
rhino,7,4,6,1,0,0,0,1,0,0,1,0,0,0,0
shark_ray,9,0,0,0,0,0,0,0,0,0,0,0,0,0,0
tiger,31,16,24,3,4,1,0,1,0,1,2,1,0,0,1
tokay_gecko,1,0,0,0,0,0,0,0,0,0,0,0,0,0,0
turtles,136,6,20,0,0,0,3,0,0,0,0,0,0,0,0
wild_boar,341,94,223,13,14,5,5,1,1,5,2,13,0,0,2
